# Blender 4.0.2
# www.blender.org
o cast_iron_stove_door
v 0.257659 0.149133 0.040400
v 0.257659 0.186770 0.040400
v 0.255971 0.149133 0.050475
v 0.255971 0.186770 0.050475
v 0.251163 0.149133 0.057671
v 0.251163 0.186770 0.057671
v 0.243968 0.149133 0.062478
v 0.243968 0.186770 0.062478
v 0.233453 0.149133 0.064167
v 0.233453 0.186770 0.064167
v 0.221042 0.149133 0.062222
v 0.221042 0.186770 0.062222
v 0.204581 0.186770 0.038332
v 0.170263 0.186770 0.039770
v 0.170263 0.149133 0.039770
v 0.149250 0.149133 0.038332
v 0.149250 0.186770 0.038332
v 0.188412 0.149133 0.038332
v 0.188412 0.149133 0.043564
v 0.188412 0.186770 0.038332
v 0.188412 0.186770 0.043564
v 0.254003 0.149133 0.029624
v 0.254003 0.186770 0.029624
v 0.204581 0.186770 0.018915
v 0.204581 0.149133 0.018915
v 0.204614 0.186770 0.051525
v 0.204614 0.149133 0.051525
v 0.221042 0.149133 0.018915
v 0.221042 0.149133 0.039511
v 0.221042 0.186770 0.039511
v 0.221042 0.186770 0.018915
v 0.244355 0.149133 0.021694
v 0.238725 0.149133 0.040400
v 0.238725 0.186770 0.040400
v 0.244355 0.186770 0.021694
v 0.204581 0.091243 0.038332
v 0.204581 0.325618 0.038332
v 0.000000 0.091243 0.038332
v 0.040916 0.091243 0.038332
v 0.081832 0.091243 0.038332
v 0.122749 0.091243 0.038332
v 0.170263 0.091243 0.038332
v 0.163665 0.348679 0.038332
v 0.122749 0.365719 0.038332
v 0.081832 0.376462 0.038332
v 0.040916 0.381779 0.038332
v 0.000000 0.383529 0.038332
v 0.122749 0.286440 0.038332
v 0.112902 0.296287 0.030609
v 0.122749 0.306133 0.038332
v 0.129711 0.303249 0.030609
v 0.132595 0.296287 0.038332
v 0.129711 0.289324 0.038332
v 0.129711 0.303249 0.038332
v 0.112902 0.296287 0.038332
v 0.115786 0.303249 0.038332
v 0.115786 0.289324 0.038332
v 0.081832 0.297104 0.038332
v 0.129711 0.289324 0.030609
v 0.132595 0.296287 0.030609
v 0.081832 0.316796 0.038332
v 0.091679 0.306950 0.038332
v 0.088795 0.299988 0.038332
v 0.088795 0.313912 0.038332
v 0.071986 0.306950 0.038332
v 0.050763 0.315481 0.038332
v 0.074870 0.299988 0.038332
v 0.074870 0.313912 0.038332
v 0.122749 0.306133 0.030609
v 0.040916 0.305634 0.038332
v 0.122749 0.286440 0.030609
v 0.040916 0.325327 0.038332
v 0.047879 0.308518 0.038332
v 0.047879 0.322443 0.038332
v 0.031070 0.315481 0.038332
v 0.009846 0.317918 0.038332
v 0.033954 0.308518 0.038332
v 0.033954 0.322443 0.038332
v 0.000000 0.327764 0.038332
v 0.000000 0.308072 0.038332
v 0.006962 0.310956 0.038332
v 0.006962 0.324880 0.038332
v 0.020458 0.091243 0.038332
v 0.020458 0.382873 0.038332
v 0.020458 0.316699 0.038332
v 0.061374 0.091243 0.038332
v 0.061374 0.379780 0.038332
v 0.061374 0.311215 0.038332
v 0.102290 0.091243 0.038332
v 0.102290 0.371556 0.038332
v 0.102290 0.301618 0.038332
v 0.143207 0.358054 0.038332
v 0.149250 0.091243 0.038332
v 0.188412 0.091243 0.038332
v 0.184123 0.337600 0.038332
v 0.081832 0.233569 0.038332
v 0.061374 0.233569 0.038332
v 0.188412 0.233569 0.038332
v 0.204581 0.233569 0.038332
v 0.122749 0.233569 0.038332
v 0.102290 0.233569 0.038332
v 0.170263 0.233569 0.038332
v 0.149250 0.233569 0.038332
v 0.020458 0.233569 0.038332
v 0.000000 0.233569 0.038332
v 0.040916 0.233569 0.038332
v 0.115786 0.303249 0.030609
v 0.115786 0.289324 0.030609
v 0.081832 0.297104 0.030609
v 0.081832 0.316796 0.030609
v 0.091679 0.306950 0.030609
v 0.088795 0.299988 0.030609
v 0.088795 0.313912 0.030609
v 0.071986 0.306950 0.030609
v 0.050763 0.315481 0.030609
v 0.074870 0.299988 0.030609
v 0.074870 0.313912 0.030609
v 0.040916 0.305634 0.030609
v 0.040916 0.325327 0.030609
v 0.047879 0.308518 0.030609
v 0.047879 0.322443 0.030609
v 0.031070 0.315481 0.030609
v 0.009846 0.317918 0.030609
v 0.033954 0.308518 0.030609
v 0.033954 0.322443 0.030609
v 0.000000 0.327764 0.030609
v 0.000000 0.308072 0.030609
v 0.006962 0.310956 0.030609
v 0.006962 0.324880 0.030609
v 0.000000 0.317918 0.030609
v 0.040916 0.315481 0.030609
v 0.081832 0.306950 0.030609
v 0.122749 0.296287 0.030609
v -0.204581 0.091243 0.038332
v -0.204581 0.325618 0.038332
v -0.040916 0.091243 0.038332
v -0.081832 0.091243 0.038332
v -0.122748 0.091243 0.038332
v -0.163665 0.091243 0.038332
v -0.163665 0.348679 0.038332
v -0.122748 0.365719 0.038332
v -0.081832 0.376462 0.038332
v -0.040916 0.381779 0.038332
v -0.122748 0.286440 0.038332
v -0.112902 0.296287 0.030609
v -0.122748 0.306133 0.038332
v -0.129711 0.303249 0.030609
v -0.132595 0.296287 0.038332
v -0.129711 0.289324 0.038332
v -0.129711 0.303249 0.038332
v -0.112902 0.296287 0.038332
v -0.115786 0.303249 0.038332
v -0.115786 0.289324 0.038332
v -0.081832 0.297104 0.038332
v -0.129711 0.289324 0.030609
v -0.132595 0.296287 0.030609
v -0.081832 0.316796 0.038332
v -0.091679 0.306950 0.038332
v -0.088795 0.299988 0.038332
v -0.088795 0.313912 0.038332
v -0.071986 0.306950 0.038332
v -0.050762 0.315481 0.038332
v -0.074870 0.299988 0.038332
v -0.074870 0.313912 0.038332
v -0.122748 0.306133 0.030609
v -0.040916 0.305634 0.038332
v -0.122748 0.286440 0.030609
v -0.040916 0.325327 0.038332
v -0.047879 0.308518 0.038332
v -0.047879 0.322443 0.038332
v -0.031070 0.315481 0.038332
v -0.009846 0.317918 0.038332
v -0.033954 0.308518 0.038332
v -0.033954 0.322443 0.038332
v -0.006962 0.310956 0.038332
v -0.006962 0.324880 0.038332
v -0.020458 0.091243 0.038332
v -0.020458 0.382873 0.038332
v -0.020458 0.316699 0.038332
v -0.061374 0.091243 0.038332
v -0.061374 0.379780 0.038332
v -0.061374 0.311215 0.038332
v -0.102290 0.091243 0.038332
v -0.102290 0.371556 0.038332
v -0.102290 0.301618 0.038332
v -0.143207 0.358054 0.038332
v -0.143207 0.091243 0.038332
v -0.184123 0.091243 0.038332
v -0.184123 0.337600 0.038332
v -0.081832 0.233569 0.038332
v -0.061374 0.233569 0.038332
v -0.184123 0.233569 0.038332
v -0.204581 0.233569 0.038332
v -0.122748 0.233569 0.038332
v -0.102290 0.233569 0.038332
v -0.163665 0.233569 0.038332
v -0.143207 0.233569 0.038332
v -0.020458 0.233569 0.038332
v -0.040916 0.233569 0.038332
v -0.115786 0.303249 0.030609
v -0.115786 0.289324 0.030609
v -0.081832 0.297104 0.030609
v -0.081832 0.316796 0.030609
v -0.091679 0.306950 0.030609
v -0.088795 0.299988 0.030609
v -0.088795 0.313912 0.030609
v -0.071986 0.306950 0.030609
v -0.050762 0.315481 0.030609
v -0.074870 0.299988 0.030609
v -0.074870 0.313912 0.030609
v -0.040916 0.305634 0.030609
v -0.040916 0.325327 0.030609
v -0.047879 0.308518 0.030609
v -0.047879 0.322443 0.030609
v -0.031070 0.315481 0.030609
v -0.009846 0.317918 0.030609
v -0.033954 0.308518 0.030609
v -0.033954 0.322443 0.030609
v 0.170263 0.280164 0.038332
v 0.170263 0.317801 0.038332
v 0.102290 0.264891 0.038332
v 0.122749 0.264891 0.038332
v 0.061374 0.348356 0.038332
v 0.020458 0.264891 0.038332
v 0.040916 0.264891 0.038332
v 0.000000 0.264891 0.038332
v 0.000000 0.353799 0.038332
v 0.061374 0.264891 0.038332
v 0.081832 0.264891 0.038332
v 0.081832 0.344142 0.038332
v 0.020458 0.352795 0.038332
v 0.122749 0.332865 0.038332
v 0.040916 0.351231 0.038332
v 0.102290 0.339173 0.038332
v -0.006962 0.310956 0.030609
v -0.006962 0.324880 0.030609
v -0.040916 0.315481 0.030609
v -0.081832 0.306950 0.030609
v -0.122748 0.296287 0.030609
v -0.204581 0.280164 0.038332
v -0.204581 0.317801 0.038332
v -0.163665 0.280164 0.038332
v -0.163665 0.317801 0.038332
v -0.148156 0.280164 0.038332
v -0.148156 0.317801 0.038332
v -0.184123 0.317801 0.038332
v -0.184123 0.280164 0.038332
v -0.102290 0.264891 0.038332
v -0.122748 0.264891 0.038332
v -0.061374 0.348356 0.038332
v -0.020458 0.264891 0.038332
v -0.040916 0.264891 0.038332
v -0.061374 0.264891 0.038332
v -0.081832 0.264891 0.038332
v -0.081832 0.344142 0.038332
v -0.020458 0.352795 0.038332
v -0.122748 0.332865 0.038332
v -0.040916 0.351231 0.038332
v -0.102290 0.339173 0.038332
v 0.020458 0.149133 0.038332
v 0.061374 0.149133 0.038332
v 0.102290 0.149133 0.038332
v 0.081832 0.149133 0.038332
v 0.204581 0.149133 0.038332
v 0.122749 0.149133 0.038332
v 0.170263 0.149133 0.038332
v 0.000000 0.149133 0.038332
v 0.040916 0.149133 0.038332
v -0.040916 0.149133 0.038332
v -0.020458 0.149133 0.038332
v -0.081832 0.149133 0.038332
v -0.061374 0.149133 0.038332
v -0.102290 0.149133 0.038332
v -0.143207 0.149133 0.038332
v -0.184123 0.149133 0.038332
v -0.122748 0.149133 0.038332
v -0.163665 0.149133 0.038332
v -0.204581 0.149133 0.038332
v 0.081832 0.186770 0.038332
v 0.122749 0.186770 0.038332
v 0.170263 0.186770 0.038332
v 0.000000 0.186770 0.038332
v 0.040916 0.186770 0.038332
v -0.040916 0.186770 0.038332
v -0.081832 0.186770 0.038332
v -0.143207 0.186770 0.038332
v -0.122748 0.186770 0.038332
v -0.163665 0.186770 0.038332
v -0.204581 0.186770 0.038332
v 0.020458 0.186770 0.038332
v 0.061374 0.186770 0.038332
v 0.102290 0.186770 0.038332
v -0.020458 0.186770 0.038332
v -0.061374 0.186770 0.038332
v -0.102290 0.186770 0.038332
v -0.184123 0.186770 0.038332
v 0.257659 0.280164 0.040400
v 0.257659 0.317801 0.040400
v 0.255971 0.280164 0.050475
v 0.255971 0.317801 0.050475
v 0.251163 0.280164 0.057671
v 0.251163 0.317801 0.057671
v 0.243968 0.280164 0.062478
v 0.243968 0.317801 0.062478
v 0.233453 0.280164 0.064167
v 0.233453 0.317801 0.064167
v 0.221042 0.280164 0.062222
v 0.221042 0.317801 0.062222
v 0.204581 0.280164 0.038332
v 0.204581 0.317801 0.038332
v 0.170263 0.317801 0.039770
v 0.170263 0.280164 0.039770
v 0.149250 0.280164 0.038332
v 0.149250 0.317801 0.038332
v 0.188412 0.280164 0.038332
v 0.188412 0.280164 0.043564
v 0.188412 0.317801 0.038332
v 0.188412 0.317801 0.043564
v 0.254003 0.280164 0.029624
v 0.254003 0.317801 0.029624
v 0.204581 0.317801 0.018915
v 0.204581 0.280164 0.018915
v 0.204614 0.317801 0.051525
v 0.204614 0.280164 0.051525
v 0.221042 0.280164 0.018915
v 0.221042 0.280164 0.039511
v 0.221042 0.317801 0.039511
v 0.221042 0.317801 0.018915
v 0.244355 0.280164 0.021694
v 0.238725 0.280164 0.040400
v 0.238725 0.317801 0.040400
v 0.244355 0.317801 0.021694
v 0.204581 0.091243 0.018915
v 0.204581 0.325618 0.018915
v 0.000000 0.091243 0.018915
v 0.040916 0.091243 0.018915
v 0.081832 0.091243 0.018915
v 0.122749 0.091243 0.018915
v 0.163665 0.348679 0.018915
v 0.122749 0.365719 0.018915
v 0.081832 0.376462 0.018915
v 0.040916 0.381779 0.018915
v 0.000000 0.383529 0.018915
v 0.020458 0.091243 0.018915
v 0.020458 0.382873 0.018915
v 0.061374 0.091243 0.018915
v 0.061374 0.379780 0.018915
v 0.102290 0.091243 0.018915
v 0.102290 0.371556 0.018915
v 0.143207 0.358054 0.018915
v 0.184123 0.337600 0.018915
v 0.204581 0.233569 0.018915
v -0.204581 0.091243 0.018915
v -0.204581 0.325618 0.018915
v -0.040916 0.091243 0.018915
v -0.081832 0.091243 0.018915
v -0.122748 0.091243 0.018915
v -0.163665 0.091243 0.018915
v -0.163665 0.348679 0.018915
v -0.122748 0.365719 0.018915
v -0.081832 0.376462 0.018915
v -0.040916 0.381779 0.018915
v -0.020458 0.091243 0.018915
v -0.020458 0.382873 0.018915
v -0.061374 0.091243 0.018915
v -0.061374 0.379780 0.018915
v -0.102290 0.091243 0.018915
v -0.102290 0.371556 0.018915
v -0.143207 0.358054 0.018915
v -0.143207 0.091243 0.018915
v -0.184123 0.091243 0.018915
v -0.184123 0.337600 0.018915
v -0.204581 0.233569 0.018915
v -0.204581 0.280164 0.018915
v -0.204581 0.317801 0.018915
v -0.204581 0.149133 0.018915
v -0.204581 0.186770 0.018915
v 0.163665 0.317801 0.018915
v 0.122749 0.317801 0.018915
v 0.081832 0.317801 0.018915
v 0.040916 0.317801 0.018915
v 0.000000 0.317801 0.018915
v 0.020458 0.317801 0.018915
v 0.061374 0.317801 0.018915
v 0.102290 0.317801 0.018915
v 0.143207 0.317801 0.018915
v 0.184123 0.317801 0.018915
v -0.163665 0.317801 0.018915
v -0.122748 0.317801 0.018915
v -0.081832 0.317801 0.018915
v -0.040916 0.317801 0.018915
v -0.020458 0.317801 0.018915
v -0.061374 0.317801 0.018915
v -0.102290 0.317801 0.018915
v -0.143207 0.317801 0.018915
v -0.184123 0.317801 0.018915
v 0.163665 0.280164 0.018915
v 0.122749 0.280164 0.018915
v 0.081832 0.280164 0.018915
v 0.040916 0.280164 0.018915
v 0.000000 0.280164 0.018915
v 0.020458 0.280164 0.018915
v 0.061374 0.280164 0.018915
v 0.102290 0.280164 0.018915
v 0.143207 0.280164 0.018915
v 0.184123 0.280164 0.018915
v -0.163665 0.280164 0.018915
v -0.122748 0.280164 0.018915
v -0.081832 0.280164 0.018915
v -0.040916 0.280164 0.018915
v -0.020458 0.280164 0.018915
v -0.061374 0.280164 0.018915
v -0.102290 0.280164 0.018915
v -0.143207 0.280164 0.018915
v -0.184123 0.280164 0.018915
v 0.163665 0.233569 0.018915
v 0.122749 0.233569 0.018915
v 0.081832 0.233569 0.018915
v 0.040916 0.233569 0.018915
v 0.000000 0.233569 0.018915
v 0.020458 0.233569 0.018915
v 0.061374 0.233569 0.018915
v 0.102290 0.233569 0.018915
v 0.143207 0.233569 0.018915
v 0.184123 0.233569 0.018915
v -0.163665 0.233569 0.018915
v -0.122748 0.233569 0.018915
v -0.081832 0.233569 0.018915
v -0.040916 0.233569 0.018915
v -0.020458 0.233569 0.018915
v -0.061374 0.233569 0.018915
v -0.102290 0.233569 0.018915
v -0.143207 0.233569 0.018915
v -0.184123 0.233569 0.018915
v 0.163665 0.186770 0.018915
v 0.122749 0.186770 0.018915
v 0.081832 0.186770 0.018915
v 0.040916 0.186770 0.018915
v 0.000000 0.186770 0.018915
v 0.020458 0.186770 0.018915
v 0.061374 0.186770 0.018915
v 0.102290 0.186770 0.018915
v 0.143207 0.186770 0.018915
v 0.184123 0.186770 0.018915
v -0.163665 0.186770 0.018915
v -0.122748 0.186770 0.018915
v -0.081832 0.186770 0.018915
v -0.040916 0.186770 0.018915
v -0.020458 0.186770 0.018915
v -0.061374 0.186770 0.018915
v -0.102290 0.186770 0.018915
v -0.143207 0.186770 0.018915
v -0.184123 0.186770 0.018915
v 0.163665 0.149133 0.018915
v 0.122749 0.149133 0.018915
v 0.081832 0.149133 0.018915
v 0.040916 0.149133 0.018915
v 0.000000 0.149133 0.018915
v 0.020458 0.149133 0.018915
v 0.061374 0.149133 0.018915
v 0.102290 0.149133 0.018915
v 0.143207 0.149133 0.018915
v 0.184123 0.149133 0.018915
v -0.163665 0.149133 0.018915
v -0.122748 0.149133 0.018915
v -0.081832 0.149133 0.018915
v -0.040916 0.149133 0.018915
v -0.020458 0.149133 0.018915
v -0.061374 0.149133 0.018915
v -0.102290 0.149133 0.018915
v -0.143207 0.149133 0.018915
v -0.184123 0.149133 0.018915
v 0.163665 0.091243 0.018915
v 0.143207 0.091243 0.018915
v 0.184123 0.091243 0.018915
v -0.151125 0.263453 0.038332
v -0.151125 0.254647 0.049909
v -0.136183 0.259449 0.038332
v -0.140586 0.251823 0.049909
v -0.125245 0.248511 0.038332
v -0.132871 0.244108 0.049909
v -0.121241 0.233569 0.038332
v -0.130047 0.233569 0.049909
v -0.125245 0.218627 0.038332
v -0.132871 0.223030 0.049909
v -0.136183 0.207689 0.038332
v -0.140586 0.215315 0.049909
v -0.151125 0.203685 0.038332
v -0.151125 0.212491 0.049909
v -0.166067 0.207689 0.038332
v -0.161664 0.215315 0.049909
v -0.177005 0.218627 0.038332
v -0.169379 0.223030 0.049909
v -0.181009 0.233569 0.038332
v -0.172203 0.233569 0.049909
v -0.177005 0.248511 0.038332
v -0.169379 0.244108 0.049909
v -0.166067 0.259449 0.038332
v -0.161664 0.251823 0.049909
v -0.151125 0.257265 0.043679
v -0.139277 0.254090 0.043679
v -0.130603 0.245417 0.043679
v -0.127429 0.233569 0.043679
v -0.130603 0.221721 0.043679
v -0.139277 0.213047 0.043679
v -0.151125 0.209872 0.043679
v -0.162973 0.213047 0.043679
v -0.171647 0.221721 0.043679
v -0.174821 0.233569 0.043679
v -0.171647 0.245417 0.043679
v -0.162973 0.254090 0.043679
v -0.151125 0.233569 0.049909
v -0.151125 0.244108 0.049909
v -0.151125 0.223030 0.049909
v -0.157360 0.233701 0.050873
v -0.144890 0.233701 0.050873
v -0.157360 0.229324 0.052046
v -0.144890 0.229324 0.052046
v -0.157360 0.226120 0.055250
v -0.144890 0.226120 0.055250
v -0.157360 0.224948 0.059626
v -0.144890 0.224948 0.059626
v -0.157360 0.226120 0.064003
v -0.144890 0.226120 0.064003
v -0.157360 0.229324 0.067207
v -0.144890 0.229324 0.067207
v -0.157360 0.233701 0.068380
v -0.144890 0.233701 0.068380
v -0.157360 0.238078 0.067207
v -0.144890 0.238078 0.067207
v -0.157360 0.241282 0.064003
v -0.144890 0.241282 0.064003
v -0.157360 0.242454 0.059626
v -0.144890 0.242454 0.059626
v -0.157360 0.241282 0.055250
v -0.144890 0.241282 0.055250
v -0.157360 0.238078 0.052046
v -0.144890 0.238078 0.052046
v -0.157360 0.218098 0.059626
v -0.144890 0.218098 0.059626
v -0.157360 0.220188 0.067428
v -0.144890 0.220188 0.067428
v -0.157360 0.225899 0.073139
v -0.144890 0.225899 0.073139
v -0.157360 0.233701 0.075230
v -0.144890 0.233701 0.075230
v -0.157360 0.241503 0.073139
v -0.144890 0.241503 0.073139
v -0.157360 0.247214 0.067428
v -0.144890 0.247214 0.067428
v -0.157360 0.249305 0.059626
v -0.144890 0.249305 0.059626
v -0.157360 0.233701 0.049909
v -0.157360 0.229240 0.049909
v -0.144890 0.229240 0.049909
v -0.144890 0.233701 0.049909
v -0.157360 0.220188 0.049909
v -0.144890 0.220188 0.049909
v -0.144890 0.247214 0.049909
v -0.157360 0.247214 0.049909
v -0.157360 0.238162 0.049909
v -0.144890 0.238162 0.049909
v -0.204581 0.298983 0.038332
v -0.163665 0.298983 0.038332
v -0.148156 0.298983 0.038332
v -0.184123 0.298983 0.038332
v 0.257659 0.298983 0.040400
v 0.255971 0.298983 0.050475
v 0.251163 0.298983 0.057671
v 0.243968 0.298983 0.062478
v 0.233453 0.298983 0.064167
v 0.221042 0.298983 0.062222
v 0.170263 0.298983 0.039770
v 0.149250 0.298983 0.038332
v 0.188412 0.298983 0.043564
v 0.254003 0.298983 0.029624
v 0.204614 0.298983 0.051525
v -0.204581 0.298983 0.018915
v 0.244355 0.298983 0.021694
v 0.221042 0.298983 0.018915
v 0.204581 0.298983 0.018915
v 0.081832 0.298983 0.018915
v 0.102290 0.298983 0.018915
v -0.122748 0.298983 0.018915
v -0.102290 0.298983 0.018915
v 0.040916 0.298983 0.018915
v 0.061374 0.298983 0.018915
v -0.143207 0.298983 0.018915
v -0.061374 0.298983 0.018915
v -0.040916 0.298983 0.018915
v 0.184123 0.298983 0.018915
v 0.000000 0.298983 0.018915
v 0.020458 0.298983 0.018915
v -0.020458 0.298983 0.018915
v -0.184123 0.298983 0.018915
v -0.163665 0.298983 0.018915
v -0.081832 0.298983 0.018915
v 0.122749 0.298983 0.018915
v 0.163665 0.298983 0.018915
v 0.143207 0.298983 0.018915
vn -0.0000 1.0000 -0.0000
vn 0.9968 -0.0000 -0.0805
vn 0.9296 -0.0000 0.3686
vn 0.7071 -0.0000 0.7071
vn 0.3655 -0.0000 0.9308
vn 0.0019 -0.0000 1.0000
vn -0.3582 -0.0000 0.9337
vn -0.0000 -1.0000 -0.0000
vn -0.1368 -0.0000 0.9906
vn -0.0171 -0.0000 0.9999
vn -0.3254 -0.0000 0.9456
vn -0.4942 -0.0000 0.8693
vn 0.8225 -0.0000 -0.5687
vn -0.0000 -0.0000 1.0000
vn -0.0341 -0.0000 0.9994
vn 0.7071 -0.7071 -0.0000
vn -0.9239 -0.3827 -0.0000
vn -0.7071 -0.7071 -0.0000
vn -0.7071 0.7071 -0.0000
vn -1.0000 -0.0000 -0.0000
vn 1.0000 -0.0000 -0.0000
vn 0.7071 0.7071 -0.0000
vn -0.3827 -0.9239 -0.0000
vn -0.3827 0.9239 -0.0000
vn 0.9239 0.3827 -0.0000
vn 0.9239 -0.3827 -0.0000
vn -0.9239 0.3827 -0.0000
vn 0.3827 0.9239 -0.0000
vn 0.3827 -0.9239 -0.0000
vn -0.2538 0.9673 -0.0000
vn -0.1968 0.9804 -0.0000
vn -0.4466 0.8947 -0.0000
vn -0.3840 0.9233 -0.0000
vn -0.0427 0.9991 -0.0000
vn 0.2538 0.9673 -0.0000
vn 0.3129 0.9498 -0.0000
vn -0.3129 0.9498 -0.0000
vn -0.1287 0.9917 -0.0000
vn -0.0753 0.9972 -0.0000
vn 0.0427 0.9991 -0.0000
vn 0.0753 0.9972 -0.0000
vn 0.3840 0.9233 -0.0000
vn 0.4466 0.8947 -0.0000
vn 0.4909 0.8712 -0.0000
vn 0.1968 0.9804 -0.0000
vn -0.5054 0.8629 -0.0000
vn -0.4909 0.8712 -0.0000
vn 0.5054 0.8629 -0.0000
vn 0.1287 0.9917 -0.0000
vn 0.3925 -0.0000 -0.9198
vn 0.0593 -0.0000 -0.9982
vn -0.0000 -0.0000 -1.0000
vn -0.0000 0.7954 0.6061
vn -0.0000 0.9219 0.3874
vn 0.4609 0.7984 0.3874
vn 0.3977 0.6888 0.6061
vn 0.7984 0.4609 0.3874
vn 0.6888 0.3977 0.6061
vn 0.9219 -0.0000 0.3874
vn 0.7954 -0.0000 0.6061
vn 0.7984 -0.4609 0.3874
vn 0.6888 -0.3977 0.6061
vn 0.4609 -0.7984 0.3874
vn 0.3977 -0.6888 0.6061
vn -0.0000 -0.9219 0.3874
vn -0.0000 -0.7954 0.6061
vn -0.4609 -0.7984 0.3875
vn -0.3977 -0.6888 0.6061
vn -0.7984 -0.4609 0.3875
vn -0.6888 -0.3977 0.6061
vn -0.9219 -0.0000 0.3874
vn -0.7954 -0.0000 0.6061
vn -0.7984 0.4609 0.3875
vn -0.6888 0.3977 0.6061
vn -0.4609 0.7984 0.3875
vn -0.3977 0.6888 0.6061
vn -0.3269 0.5663 0.7566
vn -0.0000 0.6539 0.7566
vn -0.5663 0.3269 0.7566
vn -0.6539 -0.0000 0.7566
vn -0.5663 -0.3269 0.7566
vn -0.3269 -0.5663 0.7566
vn -0.0000 -0.6539 0.7566
vn 0.3269 -0.5663 0.7566
vn 0.5663 -0.3269 0.7566
vn 0.6539 -0.0000 0.7566
vn 0.5663 0.3269 0.7566
vn 0.3269 0.5663 0.7566
vn -0.0000 -0.5000 0.8660
vn -0.0000 -0.8660 0.5000
vn -0.0000 -0.9776 -0.2103
vn -0.0000 -0.9997 0.0249
vn -0.0000 0.5000 0.8660
vn -0.0000 0.8660 0.5000
vn -0.0000 0.9997 0.0249
vn -0.0000 0.9776 -0.2103
vn -0.0000 -0.8660 -0.5000
vn -0.0000 -0.5000 -0.8660
vn -0.0000 0.5000 -0.8660
vn -0.0000 0.8660 -0.5000
vt 0.283449 0.635548
vt 0.284922 0.658932
vt 0.275176 0.655760
vt 0.269051 0.650117
vt 0.871781 0.792477
vt 0.871781 0.756254
vt 0.881614 0.756254
vt 0.881614 0.792477
vt 0.889942 0.756254
vt 0.889942 0.792477
vt 0.898271 0.756254
vt 0.898271 0.792477
vt 0.908521 0.756254
vt 0.908521 0.792477
vt 0.920612 0.756254
vt 0.920612 0.792477
vt 0.843930 0.020326
vt 0.862553 0.022893
vt 0.864342 0.039838
vt 0.844760 0.042906
vt 0.974699 0.756254
vt 0.994970 0.756254
vt 0.994970 0.792477
vt 0.974699 0.792477
vt 0.872151 0.088078
vt 0.870784 0.088292
vt 0.868081 0.071036
vt 0.873056 0.070257
vt 0.956853 0.792477
vt 0.956853 0.756254
vt 0.319115 0.620206
vt 0.316222 0.638668
vt 0.300396 0.637337
vt 0.303463 0.617754
vt 0.939479 0.792477
vt 0.939480 0.756254
vt 0.850033 0.009972
vt 0.859733 0.004891
vt 0.348638 0.645147
vt 0.330816 0.646052
vt 0.331596 0.641077
vt 0.348852 0.643780
vt 0.865673 0.055664
vt 0.878211 0.053667
vt 0.860829 0.792477
vt 0.860829 0.756254
vt 0.885935 0.024365
vt 0.877121 0.008494
vt 0.882764 0.014619
vt 0.297013 0.658932
vt 0.314226 0.651208
vt 0.885935 0.036455
vt 0.847212 0.058556
vt 0.280882 0.616924
vt 0.869564 0.004995
vt 0.265446 0.632728
vt 0.270528 0.623027
vt 0.265551 0.642560
vt 0.123336 0.252440
vt 0.168379 0.252440
vt 0.168379 0.269909
vt 0.123336 0.269909
vt 0.213226 0.290133
vt 0.168378 0.290133
vt 0.213226 0.269909
vt 0.168378 0.335330
vt 0.198525 0.335330
vt 0.198525 0.355021
vt 0.168378 0.355021
vt 0.309103 0.374711
vt 0.311027 0.394401
vt 0.281625 0.394401
vt 0.278858 0.374711
vt 0.312080 0.414092
vt 0.312711 0.433782
vt 0.284097 0.433782
vt 0.283130 0.414092
vt 0.301187 0.335330
vt 0.305909 0.355021
vt 0.274802 0.355021
vt 0.270020 0.335330
vt 0.123336 0.374711
vt 0.168378 0.374711
vt 0.168378 0.394401
vt 0.123336 0.394401
vt 0.123336 0.414092
vt 0.168378 0.414092
vt 0.168378 0.433782
vt 0.123336 0.433782
vt 0.240515 0.401102
vt 0.247216 0.403878
vt 0.248389 0.414092
vt 0.198525 0.414092
vt 0.253917 0.401102
vt 0.256693 0.394401
vt 0.232305 0.361722
vt 0.239006 0.364497
vt 0.243111 0.374711
vt 0.198525 0.374711
vt 0.245707 0.361722
vt 0.248483 0.355021
vt 0.235444 0.322341
vt 0.233874 0.335330
vt 0.228743 0.325117
vt 0.222042 0.322341
vt 0.198525 0.315640
vt 0.219266 0.315640
vt 0.235444 0.308939
vt 0.249450 0.290133
vt 0.263948 0.315640
vt 0.238219 0.315640
vt 0.123336 0.236879
vt 0.168379 0.236879
vt 0.256263 0.427081
vt 0.249563 0.424305
vt 0.253917 0.387700
vt 0.247216 0.384925
vt 0.245707 0.348320
vt 0.239006 0.345544
vt 0.228743 0.306163
vt 0.231338 0.290133
vt 0.198525 0.433782
vt 0.087112 0.269909
vt 0.087112 0.290133
vt 0.031394 0.290133
vt 0.031394 0.269908
vt 0.087112 0.394401
vt 0.087112 0.414092
vt 0.031394 0.414092
vt 0.031394 0.394401
vt 0.249450 0.252440
vt 0.249450 0.236879
vt 0.256973 0.236879
vt 0.268506 0.256569
vt 0.087112 0.315640
vt 0.031394 0.315640
vt 0.087112 0.335330
vt 0.087112 0.355021
vt 0.031394 0.355021
vt 0.031394 0.335330
vt 0.087112 0.374711
vt 0.031394 0.374711
vt 0.249450 0.269909
vt 0.279169 0.276259
vt 0.237740 0.394401
vt 0.198525 0.394401
vt 0.229529 0.355021
vt 0.232305 0.348320
vt 0.222042 0.308939
vt 0.805239 0.262887
vt 0.805239 0.270144
vt 0.797803 0.270144
vt 0.797803 0.262887
vt 0.805239 0.306425
vt 0.805239 0.313681
vt 0.797803 0.313681
vt 0.797803 0.306425
vt 0.453915 0.228637
vt 0.453915 0.221387
vt 0.461344 0.221387
vt 0.461344 0.228637
vt 0.805239 0.277400
vt 0.805239 0.284656
vt 0.797803 0.284656
vt 0.797803 0.277400
vt 0.453915 0.214138
vt 0.453915 0.206888
vt 0.461344 0.206888
vt 0.461344 0.214138
vt 0.805239 0.291912
vt 0.805239 0.299168
vt 0.797803 0.299168
vt 0.797803 0.291912
vt 0.453915 0.250385
vt 0.453915 0.243136
vt 0.461344 0.243136
vt 0.461344 0.250385
vt 0.805239 0.320937
vt 0.797803 0.320937
vt 0.453915 0.257635
vt 0.461344 0.257635
vt 0.380446 0.164424
vt 0.380446 0.171681
vt 0.373010 0.171681
vt 0.373010 0.164424
vt 0.399032 0.256630
vt 0.399032 0.249380
vt 0.406461 0.249380
vt 0.406461 0.256630
vt 0.399032 0.242131
vt 0.406461 0.242131
vt 0.380446 0.149912
vt 0.380446 0.157168
vt 0.373010 0.157168
vt 0.373010 0.149912
vt 0.399032 0.278378
vt 0.399032 0.271129
vt 0.406461 0.271129
vt 0.406461 0.278378
vt 0.453915 0.235886
vt 0.461344 0.235886
vt 0.399032 0.263879
vt 0.406461 0.263879
vt 0.380446 0.178937
vt 0.373010 0.178937
vt 0.399032 0.285627
vt 0.406461 0.285627
vt 0.453915 0.264884
vt 0.461344 0.264884
vt 0.399032 0.234881
vt 0.406461 0.234881
vt 0.399032 0.292877
vt 0.406461 0.292877
vt 0.103684 0.245638
vt 0.100059 0.236886
vt 0.107310 0.236886
vt 0.112437 0.242013
vt 0.651723 0.229643
vt 0.648096 0.238400
vt 0.642967 0.233270
vt 0.642967 0.226016
vt 0.655351 0.238400
vt 0.660480 0.233270
vt 0.094932 0.249264
vt 0.094932 0.242013
vt 0.107310 0.254391
vt 0.112437 0.249264
vt 0.100059 0.254391
vt 0.103684 0.271632
vt 0.112440 0.268006
vt 0.112440 0.275259
vt 0.107311 0.280388
vt 0.100058 0.262877
vt 0.107311 0.262877
vt 0.094929 0.268006
vt 0.094929 0.275259
vt 0.100058 0.280388
vt 0.753131 0.263638
vt 0.749506 0.254886
vt 0.756757 0.254886
vt 0.761883 0.260013
vt 0.744379 0.267264
vt 0.744379 0.260013
vt 0.749506 0.272391
vt 0.756757 0.272391
vt 0.761883 0.267264
vt 0.087112 0.551924
vt 0.031394 0.551924
vt 0.031394 0.532234
vt 0.087112 0.532234
vt 0.229529 0.512543
vt 0.198525 0.512543
vt 0.198525 0.492853
vt 0.232305 0.505842
vt 0.087111 0.591305
vt 0.031394 0.591305
vt 0.031394 0.571614
vt 0.087112 0.571614
vt 0.253917 0.466462
vt 0.283130 0.453472
vt 0.281625 0.473163
vt 0.256693 0.473163
vt 0.312080 0.453472
vt 0.222042 0.545223
vt 0.219266 0.551924
vt 0.198525 0.551924
vt 0.198525 0.532234
vt 0.228466 0.226132
vt 0.221037 0.226132
vt 0.221037 0.218883
vt 0.228466 0.218883
vt 0.890120 0.083378
vt 0.882691 0.083378
vt 0.882691 0.076128
vt 0.890120 0.076128
vt 0.222042 0.558625
vt 0.213225 0.576379
vt 0.301187 0.532234
vt 0.270020 0.532234
vt 0.274801 0.512543
vt 0.305909 0.512543
vt 0.243111 0.492853
vt 0.247216 0.482639
vt 0.253917 0.479864
vt 0.278858 0.492853
vt 0.240515 0.466462
vt 0.198525 0.453473
vt 0.248389 0.453472
vt 0.247216 0.463686
vt 0.123336 0.630685
vt 0.123336 0.610995
vt 0.168378 0.610995
vt 0.168378 0.630685
vt 0.168378 0.453472
vt 0.249562 0.443259
vt 0.256263 0.440483
vt 0.238219 0.551924
vt 0.235444 0.545223
vt 0.263948 0.551924
vt 0.123336 0.453472
vt 0.123336 0.492853
vt 0.123336 0.473163
vt 0.168378 0.473163
vt 0.168378 0.492853
vt 0.245707 0.505842
vt 0.248483 0.512543
vt 0.239006 0.503067
vt 0.235444 0.558625
vt 0.249450 0.576379
vt 0.228743 0.542447
vt 0.233874 0.532234
vt 0.232305 0.519244
vt 0.239006 0.522020
vt 0.237739 0.473163
vt 0.198525 0.473163
vt 0.890120 0.119625
vt 0.882691 0.119625
vt 0.882691 0.112376
vt 0.890120 0.112376
vt 0.228743 0.561401
vt 0.231338 0.576379
vt 0.031394 0.512543
vt 0.087112 0.512543
vt 0.245707 0.519244
vt 0.031394 0.492853
vt 0.087112 0.492853
vt 0.890120 0.126875
vt 0.882691 0.126875
vt 0.882691 0.105126
vt 0.890120 0.105126
vt 0.228466 0.240631
vt 0.221037 0.240631
vt 0.221037 0.233382
vt 0.228466 0.233382
vt 0.087112 0.473163
vt 0.031394 0.473163
vt 0.031394 0.453472
vt 0.087112 0.453472
vt 0.249449 0.610995
vt 0.268506 0.610995
vt 0.256973 0.630685
vt 0.249449 0.630685
vt 0.249450 0.591305
vt 0.279169 0.591305
vt 0.890120 0.097877
vt 0.882691 0.097877
vt 0.882691 0.090627
vt 0.890120 0.090627
vt 0.123336 0.591305
vt 0.168378 0.591305
vt 0.458129 0.574317
vt 0.458129 0.566882
vt 0.465385 0.566882
vt 0.465385 0.574317
vt 0.228466 0.262379
vt 0.221037 0.262379
vt 0.221037 0.255130
vt 0.228466 0.255130
vt 0.443617 0.574317
vt 0.443617 0.566882
vt 0.450873 0.566882
vt 0.450873 0.574317
vt 0.228466 0.276879
vt 0.221037 0.276879
vt 0.221037 0.269629
vt 0.228466 0.269629
vt 0.309103 0.492853
vt 0.311027 0.473163
vt 0.168378 0.532234
vt 0.168378 0.512543
vt 0.228466 0.247881
vt 0.221037 0.247881
vt 0.660480 0.226016
vt 0.655351 0.220886
vt 0.380446 0.135400
vt 0.373010 0.135400
vt 0.373010 0.128143
vt 0.380446 0.128143
vt 0.479898 0.574317
vt 0.479898 0.566882
vt 0.487154 0.566882
vt 0.487154 0.574317
vt 0.436361 0.574317
vt 0.436361 0.566882
vt 0.380446 0.142656
vt 0.373010 0.142656
vt 0.494410 0.566882
vt 0.494410 0.574317
vt 0.648096 0.220886
vt 0.472642 0.566882
vt 0.472642 0.574317
vt 0.882691 0.068879
vt 0.890120 0.068879
vt 0.373010 0.120887
vt 0.380446 0.120887
vt 0.213225 0.591305
vt 0.168378 0.571614
vt 0.421262 0.314397
vt 0.414009 0.314397
vt 0.408880 0.309268
vt 0.417636 0.305641
vt 0.426391 0.302015
vt 0.414009 0.296886
vt 0.421262 0.296886
vt 0.408880 0.302015
vt 0.426391 0.309268
vt 0.776965 0.275633
vt 0.780592 0.266877
vt 0.785721 0.272006
vt 0.785721 0.279260
vt 0.773338 0.284390
vt 0.780592 0.284390
vt 0.768208 0.279260
vt 0.768208 0.272006
vt 0.773338 0.266877
vt 0.754063 0.171634
vt 0.745309 0.168008
vt 0.750437 0.162881
vt 0.757689 0.162881
vt 0.762817 0.175260
vt 0.762817 0.168008
vt 0.757689 0.180388
vt 0.750437 0.180388
vt 0.745309 0.175260
vt 0.213225 0.610995
vt 0.231338 0.591305
vt 0.231337 0.610995
vt 0.213226 0.252440
vt 0.213226 0.236879
vt 0.288192 0.295950
vt 0.242861 0.427081
vt 0.240085 0.433782
vt 0.240515 0.387700
vt 0.168378 0.315640
vt 0.295570 0.315640
vt 0.259039 0.433782
vt 0.213225 0.630685
vt 0.231337 0.630685
vt 0.288192 0.571614
vt 0.242861 0.440483
vt 0.240515 0.479864
vt 0.168378 0.551924
vt 0.295570 0.551924
vt 0.031394 0.610995
vt 0.087111 0.610995
vt 0.123336 0.512543
vt 0.123336 0.532234
vt 0.123336 0.571614
vt 0.123336 0.551924
vt 0.031394 0.433782
vt 0.087112 0.433782
vt 0.031394 0.630685
vt 0.087111 0.630685
vt 0.123336 0.355021
vt 0.123336 0.315640
vt 0.123336 0.335330
vt 0.123336 0.290133
vt 0.031394 0.236879
vt 0.087112 0.236878
vt 0.087112 0.252440
vt 0.031394 0.252440
vt 0.966214 0.512891
vt 0.942829 0.514364
vt 0.946001 0.504616
vt 0.951644 0.498491
vt 0.871781 0.648254
vt 0.871781 0.630143
vt 0.881613 0.630143
vt 0.881613 0.648254
vt 0.889942 0.630143
vt 0.889942 0.648254
vt 0.898271 0.630143
vt 0.898271 0.648254
vt 0.908521 0.630143
vt 0.908521 0.648254
vt 0.920612 0.630143
vt 0.920612 0.648254
vt 0.801868 0.243251
vt 0.783244 0.240685
vt 0.781455 0.223739
vt 0.801037 0.220671
vt 0.974699 0.648254
vt 0.994970 0.648254
vt 0.994970 0.666366
vt 0.974699 0.666366
vt 0.775012 0.175284
vt 0.777716 0.192540
vt 0.772741 0.193319
vt 0.773645 0.175498
vt 0.956854 0.648254
vt 0.956854 0.630143
vt 0.974699 0.630143
vt 0.981558 0.548559
vt 0.963094 0.545667
vt 0.964425 0.529839
vt 0.984009 0.532907
vt 0.939480 0.648254
vt 0.939480 0.630143
vt 0.795765 0.253606
vt 0.786064 0.258687
vt 0.956615 0.578085
vt 0.955710 0.560262
vt 0.960685 0.561041
vt 0.957982 0.578299
vt 0.780124 0.207913
vt 0.767585 0.209909
vt 0.871781 0.666366
vt 0.860829 0.666366
vt 0.860829 0.648254
vt 0.759861 0.239212
vt 0.768675 0.255083
vt 0.763032 0.248958
vt 0.942829 0.526455
vt 0.950554 0.543670
vt 0.759861 0.227122
vt 0.798585 0.205021
vt 0.984840 0.510324
vt 0.776232 0.258583
vt 0.969035 0.494887
vt 0.978737 0.499968
vt 0.959202 0.494991
vt 0.346514 0.140572
vt 0.346514 0.120879
vt 0.365205 0.120879
vt 0.365205 0.140572
vt 0.984871 0.113227
vt 0.984871 0.133470
vt 0.966187 0.133470
vt 0.966187 0.113227
vt 0.346514 0.219344
vt 0.346514 0.199650
vt 0.365205 0.199650
vt 0.365205 0.219344
vt 0.984871 0.050079
vt 0.984871 0.071734
vt 0.966187 0.071734
vt 0.966187 0.050079
vt 0.609271 0.298886
vt 0.645486 0.298886
vt 0.645486 0.317570
vt 0.609271 0.317570
vt 0.584791 0.004877
vt 0.584791 0.060602
vt 0.566101 0.060602
vt 0.566101 0.004877
vt 0.771569 0.298886
vt 0.779091 0.298886
vt 0.779090 0.317570
vt 0.771569 0.317570
vt 0.346514 0.416273
vt 0.346514 0.396580
vt 0.365205 0.396580
vt 0.365205 0.416273
vt 0.553568 0.298886
vt 0.553568 0.317570
vt 0.670807 0.447573
vt 0.625759 0.447573
vt 0.625759 0.428883
vt 0.670807 0.428883
vt 0.984871 0.192907
vt 0.984871 0.212603
vt 0.966187 0.212603
vt 0.966187 0.192907
vt 0.984871 0.311979
vt 0.984871 0.332449
vt 0.966187 0.332449
vt 0.966187 0.311979
vt 0.346514 0.357194
vt 0.346514 0.337501
vt 0.365205 0.337501
vt 0.365205 0.357194
vt 0.984871 0.092756
vt 0.966187 0.092756
vt 0.753461 0.298886
vt 0.753461 0.317570
vt 0.984871 0.153414
vt 0.984871 0.173193
vt 0.966187 0.173193
vt 0.966187 0.153414
vt 0.346514 0.376887
vt 0.365205 0.376887
vt 0.690518 0.298886
vt 0.735354 0.298886
vt 0.735354 0.317570
vt 0.690518 0.317570
vt 0.346514 0.435966
vt 0.365205 0.435966
vt 0.346514 0.278423
vt 0.346514 0.258729
vt 0.365205 0.258730
vt 0.365205 0.278423
vt 0.346514 0.298115
vt 0.365205 0.298115
vt 0.346514 0.317809
vt 0.365205 0.317809
vt 0.715660 0.447573
vt 0.715660 0.428883
vt 0.346514 0.499174
vt 0.346514 0.481704
vt 0.365205 0.475352
vt 0.365205 0.495045
vt 0.346514 0.160265
vt 0.365205 0.160265
vt 0.984871 0.232298
vt 0.984871 0.252012
vt 0.966187 0.252012
vt 0.966187 0.232298
vt 0.346514 0.239036
vt 0.365205 0.239036
vt 0.984871 0.353472
vt 0.984871 0.375126
vt 0.966187 0.375126
vt 0.966187 0.353472
vt 0.984871 0.397513
vt 0.966187 0.397513
vt 0.346514 0.461477
vt 0.365205 0.455659
vt 0.346514 0.514738
vt 0.365205 0.514738
vt 0.984871 0.291735
vt 0.966187 0.291735
vt 0.984871 0.004879
vt 0.984871 0.027693
vt 0.966187 0.027693
vt 0.966187 0.004879
vt 0.346514 0.179957
vt 0.365205 0.179957
vt 0.984871 0.420326
vt 0.966187 0.420326
vt 0.984871 0.271792
vt 0.966187 0.271792
vt 0.759866 0.120878
vt 0.767391 0.120878
vt 0.767391 0.139569
vt 0.759866 0.139569
vt 0.848809 0.666366
vt 0.848809 0.648254
vt 0.826212 0.648254
vt 0.826212 0.630143
vt 0.848809 0.630143
vt 0.810369 0.648254
vt 0.826212 0.666366
vt 0.810369 0.666366
vt 0.848809 0.756254
vt 0.848809 0.792477
vt 0.826212 0.756254
vt 0.826212 0.792477
vt 0.810369 0.756254
vt 0.810369 0.792477
vt 0.475640 0.591401
vt 0.495331 0.584023
vt 0.495330 0.630142
vt 0.475640 0.630142
vt 0.515021 0.578406
vt 0.534710 0.573684
vt 0.534710 0.630142
vt 0.515020 0.630142
vt 0.633160 0.567513
vt 0.652850 0.568566
vt 0.652850 0.630142
vt 0.633160 0.630142
vt 0.455950 0.600424
vt 0.455950 0.630142
vt 0.770990 0.600424
vt 0.790680 0.611087
vt 0.790680 0.630143
vt 0.770990 0.630143
vt 0.810369 0.622619
vt 0.810369 0.630143
vt 0.593780 0.567513
vt 0.613470 0.566882
vt 0.613470 0.630142
vt 0.593780 0.630142
vt 0.731610 0.584023
vt 0.751300 0.591401
vt 0.751300 0.630143
vt 0.731610 0.630143
vt 0.416571 0.622619
vt 0.436261 0.611086
vt 0.436261 0.630142
vt 0.416571 0.630142
vt 0.672540 0.570490
vt 0.692230 0.573684
vt 0.692230 0.630142
vt 0.672540 0.630142
vt 0.574090 0.568566
vt 0.574090 0.630142
vt 0.711920 0.578406
vt 0.711920 0.630143
vt 0.554400 0.570490
vt 0.554400 0.630142
vt 0.692230 0.648254
vt 0.711920 0.648254
vt 0.711920 0.666366
vt 0.692230 0.666366
vt 0.495330 0.648254
vt 0.515020 0.648254
vt 0.515020 0.666365
vt 0.495330 0.666366
vt 0.652850 0.648254
vt 0.672540 0.648254
vt 0.672540 0.666366
vt 0.652850 0.666366
vt 0.475640 0.648254
vt 0.475640 0.666366
vt 0.554400 0.648254
vt 0.574090 0.648254
vt 0.574090 0.666366
vt 0.554400 0.666365
vt 0.790680 0.648254
vt 0.790680 0.666366
vt 0.613470 0.648254
vt 0.633160 0.648254
vt 0.633160 0.666366
vt 0.613470 0.666366
vt 0.593780 0.648254
vt 0.593780 0.666366
vt 0.436261 0.648254
vt 0.455950 0.648254
vt 0.455950 0.666366
vt 0.436261 0.666366
vt 0.416571 0.648254
vt 0.416571 0.666366
vt 0.534710 0.648254
vt 0.534710 0.666365
vt 0.731610 0.648254
vt 0.731610 0.666366
vt 0.770990 0.648254
vt 0.770990 0.666366
vt 0.751300 0.648254
vt 0.751300 0.666366
vt 0.672540 0.711212
vt 0.652850 0.711212
vt 0.731610 0.711212
vt 0.711920 0.711212
vt 0.515020 0.711212
vt 0.495330 0.711212
vt 0.436261 0.711212
vt 0.416571 0.711212
vt 0.692230 0.711212
vt 0.770990 0.711212
vt 0.751300 0.711212
vt 0.475640 0.711212
vt 0.574090 0.711212
vt 0.554400 0.711211
vt 0.613470 0.711212
vt 0.593780 0.711212
vt 0.790680 0.711212
vt 0.455950 0.711212
vt 0.534710 0.711212
vt 0.810369 0.711212
vt 0.633160 0.711212
vt 0.790680 0.756254
vt 0.652850 0.756254
vt 0.633160 0.756254
vt 0.593780 0.756254
vt 0.574090 0.756254
vt 0.692230 0.756254
vt 0.672540 0.756254
vt 0.554400 0.756253
vt 0.534710 0.756253
vt 0.731610 0.756254
vt 0.711920 0.756254
vt 0.515020 0.756254
vt 0.495331 0.756254
vt 0.770990 0.756254
vt 0.751300 0.756254
vt 0.475641 0.756254
vt 0.613470 0.756254
vt 0.455950 0.756254
vt 0.436261 0.756254
vt 0.416571 0.756254
vt 0.534710 0.792477
vt 0.515020 0.792477
vt 0.436261 0.792477
vt 0.416571 0.792477
vt 0.633160 0.792477
vt 0.613470 0.792477
vt 0.475640 0.792477
vt 0.455950 0.792477
vt 0.790680 0.792477
vt 0.652850 0.792477
vt 0.593780 0.792477
vt 0.574090 0.792477
vt 0.692230 0.792477
vt 0.672540 0.792477
vt 0.554400 0.792477
vt 0.731610 0.792477
vt 0.711920 0.792477
vt 0.751300 0.792477
vt 0.495330 0.792477
vt 0.770990 0.792477
vt 0.790680 0.848194
vt 0.770990 0.848194
vt 0.495330 0.848194
vt 0.475640 0.848194
vt 0.751300 0.848194
vt 0.731610 0.848194
vt 0.574090 0.848194
vt 0.554400 0.848194
vt 0.613470 0.848194
vt 0.593780 0.848194
vt 0.711920 0.848194
vt 0.692230 0.848194
vt 0.455950 0.848194
vt 0.436261 0.848194
vt 0.534710 0.848194
vt 0.515020 0.848194
vt 0.416571 0.848194
vt 0.633160 0.848194
vt 0.672540 0.848194
vt 0.652850 0.848194
vt 0.810369 0.848194
vt 0.949788 0.437567
vt 0.951497 0.443614
vt 0.943218 0.447975
vt 0.938918 0.443549
vt 0.938477 0.455458
vt 0.932739 0.453950
vt 0.938521 0.463979
vt 0.932856 0.465764
vt 0.943439 0.471035
vt 0.939533 0.475591
vt 0.951752 0.474597
vt 0.950609 0.480673
vt 0.961187 0.473858
vt 0.962993 0.479865
vt 0.969357 0.469103
vt 0.973597 0.473539
vt 0.974238 0.461605
vt 0.979810 0.463320
vt 0.974498 0.453416
vt 0.979909 0.451718
vt 0.969526 0.446797
vt 0.973197 0.442160
vt 0.934332 0.595311
vt 0.921909 0.582888
vt 0.932410 0.582888
vt 0.941504 0.588138
vt 0.961071 0.443275
vt 0.962184 0.437195
vt 0.963897 0.428918
vt 0.947328 0.429549
vt 0.978632 0.436068
vt 0.987633 0.449329
vt 0.987633 0.465254
vt 0.979600 0.479191
vt 0.965696 0.487794
vt 0.949269 0.488947
vt 0.934272 0.482089
vt 0.924735 0.468291
vt 0.924818 0.451610
vt 0.933194 0.437732
vt 0.946755 0.607734
vt 0.946755 0.597233
vt 0.919987 0.609656
vt 0.907564 0.597233
vt 0.912815 0.588138
vt 0.927160 0.602484
vt 0.932410 0.622079
vt 0.941504 0.616828
vt 0.912815 0.616828
vt 0.907564 0.607734
vt 0.921909 0.622079
vt 0.289044 0.264224
vt 0.292127 0.267307
vt 0.288831 0.273016
vt 0.283335 0.267520
vt 0.300550 0.252718
vt 0.296338 0.251589
vt 0.296338 0.244997
vt 0.305689 0.247009
vt 0.303633 0.255801
vt 0.305689 0.255719
vt 0.305689 0.260013
vt 0.304762 0.260013
vt 0.243597 0.065831
vt 0.240513 0.062747
vt 0.243810 0.057037
vt 0.249307 0.062534
vt 0.227875 0.070044
vt 0.229004 0.074256
vt 0.223294 0.079397
vt 0.221282 0.070044
vt 0.296338 0.268436
vt 0.300550 0.267307
vt 0.305689 0.273016
vt 0.296338 0.275028
vt 0.292127 0.252718
vt 0.289044 0.255801
vt 0.283335 0.252505
vt 0.288831 0.247009
vt 0.243597 0.074256
vt 0.244726 0.070044
vt 0.251320 0.070044
vt 0.249307 0.079397
vt 0.232088 0.062747
vt 0.229004 0.065831
vt 0.223294 0.062534
vt 0.228791 0.057037
vt 0.053197 0.206884
vt 0.048836 0.206884
vt 0.048836 0.194882
vt 0.053197 0.194882
vt 0.287915 0.260013
vt 0.281323 0.260013
vt 0.240595 0.079397
vt 0.240513 0.077340
vt 0.057557 0.206884
vt 0.057557 0.194882
vt 0.305689 0.264306
vt 0.303633 0.264224
vt 0.692220 0.004883
vt 0.704223 0.004883
vt 0.704223 0.014449
vt 0.692220 0.014449
vt 0.704222 0.022223
vt 0.692220 0.022223
vt 0.704223 0.029996
vt 0.692220 0.029996
vt 0.704222 0.037770
vt 0.692220 0.037770
vt 0.704223 0.045543
vt 0.692220 0.045543
vt 0.704222 0.053317
vt 0.692220 0.053317
vt 0.704223 0.061091
vt 0.692220 0.061091
vt 0.704223 0.070657
vt 0.692220 0.070657
vt 0.232088 0.077340
vt 0.232006 0.079397
vt 0.236301 0.061618
vt 0.236301 0.055025
vt 0.236301 0.078469
vt 0.236301 0.079397
vt 0.044475 0.206884
vt 0.044475 0.194882
vt 0.040114 0.206884
vt 0.040114 0.194882
vt 0.035753 0.206884
vt 0.035753 0.194882
vt 0.031392 0.206884
vt 0.031392 0.194882
vt 0.083723 0.206884
vt 0.079362 0.206884
vt 0.079362 0.194882
vt 0.083723 0.194882
vt 0.075001 0.206884
vt 0.075001 0.194882
vt 0.070640 0.206884
vt 0.070640 0.194882
vt 0.066279 0.206884
vt 0.066279 0.194882
vt 0.061918 0.206884
vt 0.061918 0.194882
vt 0.873914 0.108270
vt 0.368832 0.646910
vt 0.771882 0.155305
vt 0.954852 0.598280
vt 0.860829 0.630143
vt 0.920612 0.666366
vt 0.939480 0.666366
vt 0.956854 0.666366
vt 0.994970 0.630143
vt 0.908521 0.666366
vt 0.898271 0.666366
vt 0.889942 0.666366
vt 0.881613 0.666366
s 1
f 34/1/1 10/2/1 8/3/1 6/4/1
f 1/5/2 2/6/2 4/7/3 3/8/3
f 3/8/3 4/7/3 6/9/4 5/10/4
f 5/10/4 6/9/4 8/11/5 7/12/5
f 7/12/5 8/11/5 10/13/6 9/14/6
f 9/14/6 10/13/6 12/15/7 11/16/7
f 32/17/8 33/18/8 29/19/8 28/20/8
f 14/21/9 17/22/10 16/23/10 15/24/9
f 15/25/8 266/26/8 18/27/8 19/28/8
f 19/29/11 21/30/11 14/21/9 15/24/9
f 24/31/1 13/32/1 30/33/1 31/34/1
f 27/35/12 26/36/12 21/30/11 19/29/11
f 22/37/8 1/38/8 33/18/8 32/17/8
f 14/39/1 21/40/1 20/41/1 281/42/1
f 264/43/8 27/44/8 19/28/8 18/27/8
f 2/6/2 1/5/2 22/45/13 23/46/13
f 11/16/7 12/15/7 26/36/12 27/35/12
f 9/47/8 33/18/8 5/48/8 7/49/8
f 12/50/1 30/33/1 13/32/1 26/51/1
f 13/32/1 20/41/1 21/40/1 26/51/1
f 264/43/8 29/19/8 11/52/8 27/44/8
f 28/20/8 29/19/8 264/43/8 25/53/8
f 11/52/8 29/19/8 33/18/8 9/47/8
f 31/34/1 30/33/1 34/1/1 35/54/1
f 33/18/8 1/38/8 3/55/8 5/48/8
f 35/54/1 34/1/1 2/56/1 23/57/1
f 10/2/1 34/1/1 30/33/1 12/50/1
f 2/56/1 34/1/1 6/4/1 4/58/1
f 20/59/14 98/60/14 102/61/14 281/62/14
f 313/63/10 103/64/14 102/61/14 219/65/14
f 101/66/14 221/67/14 229/68/14 96/69/14
f 87/70/14 46/71/14 233/72/14 223/73/14
f 84/74/14 47/75/14 227/76/14 231/77/14
f 90/78/14 45/79/14 230/80/14 234/81/14
f 291/82/14 97/83/14 106/84/14 283/85/14
f 290/86/14 104/87/14 105/88/14 282/89/14
f 77/90/14 75/91/14 85/92/14 224/93/14
f 78/94/14 72/95/14 233/72/14 231/77/14
f 67/96/14 65/97/14 88/98/14 228/99/14
f 68/100/14 61/101/14 230/80/14 223/73/14
f 56/102/14 234/81/14 91/103/14 55/104/14
f 57/105/14 221/67/14 222/106/14 48/107/14
f 54/108/14 314/109/10 232/110/14 50/111/14
f 13/112/14 99/113/14 98/60/14 20/59/14
f 85/92/14 231/77/14 82/114/14 76/115/14
f 75/91/14 78/94/14 231/77/14 85/92/14
f 88/98/14 223/73/14 74/116/14 66/117/14
f 65/97/14 68/100/14 223/73/14 88/98/14
f 91/103/14 234/81/14 64/118/14 62/119/14
f 50/111/14 232/110/14 234/81/14 56/102/14
f 52/120/14 574/121/15 314/109/10 54/108/14
f 105/88/14 104/87/14 224/93/14 226/122/14
f 266/123/14 16/124/10 93/125/14 42/126/14
f 268/127/14 260/128/14 83/129/14 39/130/14
f 317/131/14 310/132/14 37/133/14 95/134/14
f 16/124/10 265/135/14 41/136/14 93/125/14
f 262/137/14 263/138/14 40/139/14 89/140/14
f 265/135/14 262/137/14 89/140/14 41/136/14
f 263/138/14 261/141/14 86/142/14 40/139/14
f 220/143/14 317/131/14 95/134/14 43/144/14
f 70/145/14 77/90/14 224/93/14 225/146/14
f 106/84/14 97/83/14 228/99/14 225/146/14
f 58/147/14 67/96/14 228/99/14 229/68/14
f 91/103/14 62/119/14 63/148/14 221/67/14
f 55/104/14 91/103/14 221/67/14 57/105/14
f 48/107/14 222/106/14 313/63/10 53/149/14
f 50/150/8 56/151/16 107/152/16 69/153/8
f 52/154/17 54/155/18 51/156/18 60/157/17
f 73/158/19 66/159/20 115/160/20 120/161/19
f 55/162/21 57/163/22 108/164/22 49/165/21
f 74/166/18 72/167/23 119/168/23 121/169/18
f 56/151/16 55/162/21 49/165/21 107/152/16
f 66/159/20 74/166/18 121/169/18 115/160/20
f 48/170/24 53/171/19 59/172/19 71/173/24
f 75/174/21 77/175/25 124/176/25 122/177/21
f 54/155/18 50/178/8 69/179/8 51/156/18
f 78/180/26 75/174/21 122/177/21 125/181/26
f 76/182/20 82/183/17 129/184/17 123/185/20
f 63/186/19 62/187/27 111/188/27 112/189/19
f 62/187/17 64/190/18 113/191/18 111/188/17
f 80/192/1 81/193/24 128/194/24 127/195/1
f 81/193/27 76/182/20 123/185/20 128/194/27
f 65/196/25 67/197/22 116/198/22 114/199/25
f 77/175/28 70/200/28 118/201/28 124/176/28
f 67/197/22 58/202/1 109/203/1 116/198/22
f 82/183/23 79/204/8 126/205/8 129/184/23
f 68/206/16 65/196/26 114/199/26 117/207/16
f 72/208/29 78/180/29 125/181/29 119/209/29
f 64/190/18 61/210/23 110/211/23 113/191/18
f 57/163/22 48/170/28 71/173/28 108/164/22
f 58/202/1 63/186/19 112/189/19 109/203/1
f 70/200/24 73/158/19 120/161/19 118/201/24
f 61/212/29 68/206/16 117/207/16 110/213/29
f 53/171/19 52/154/27 60/157/27 59/172/19
f 131/214/14 115/215/14 121/216/14 119/217/14
f 130/218/14 123/219/14 129/220/14 126/221/14
f 128/222/14 123/219/14 130/218/14 127/223/14
f 118/224/14 120/225/14 115/215/14 131/214/14
f 122/226/14 131/214/14 119/217/14 125/227/14
f 124/228/14 118/224/14 131/214/14 122/226/14
f 132/229/14 109/230/14 112/231/14 111/232/14
f 114/233/14 116/234/14 109/230/14 132/229/14
f 117/235/14 114/233/14 132/229/14 110/236/14
f 110/236/14 132/229/14 111/232/14 113/237/14
f 133/238/14 60/239/14 51/240/14 69/241/14
f 71/242/14 59/243/14 60/239/14 133/238/14
f 108/244/14 71/242/14 133/238/14 49/245/14
f 49/245/14 133/238/14 69/241/14 107/246/14
f 276/247/14 138/248/14 183/249/14 273/250/14
f 154/251/14 254/252/14 253/253/14 163/254/14
f 277/255/14 139/256/14 187/257/14 274/258/14
f 174/259/14 256/260/14 258/261/14 168/262/14
f 178/263/14 256/260/14 227/76/14 47/75/14
f 153/264/14 144/265/14 249/266/14 248/267/14
f 170/268/29 214/269/29 212/270/29 168/271/29
f 148/272/26 156/273/26 147/274/16 150/275/16
f 144/265/14 149/276/14 244/277/14 249/266/14
f 184/278/14 259/279/14 255/280/14 142/281/14
f 182/282/14 162/283/14 170/284/14 250/285/14
f 173/286/14 251/287/14 179/288/14 171/289/14
f 289/290/14 296/291/14 192/292/14 193/293/14
f 105/88/14 226/122/14 251/287/14 198/294/14
f 179/288/14 172/295/14 176/296/14 256/260/14
f 146/297/14 152/298/14 259/279/14 257/299/14
f 293/300/14 282/89/14 105/88/14 198/294/14
f 294/301/14 284/302/14 199/303/14 191/304/14
f 164/305/14 250/285/14 255/280/14 157/306/14
f 163/254/14 253/253/14 182/282/14 161/307/14
f 150/308/14 146/297/14 257/299/14 245/309/14
f 152/298/14 151/310/14 185/311/14 259/279/14
f 185/311/14 248/267/14 159/312/14 158/313/14
f 151/310/14 153/264/14 248/267/14 185/311/14
f 166/314/14 252/315/14 251/287/14 173/286/14
f 152/316/17 200/317/17 145/318/20 151/319/20
f 148/320/14 150/308/14 245/309/14 565/321/14
f 199/303/14 252/315/14 253/253/14 191/304/14
f 274/258/14 187/257/14 138/248/14 276/247/14
f 161/307/14 182/282/14 250/285/14 164/305/14
f 273/250/14 183/249/14 137/322/14 271/323/14
f 185/311/14 158/313/14 160/324/14 259/279/14
f 271/323/14 137/322/14 180/325/14 272/326/14
f 146/327/8 165/328/8 200/317/23 152/316/23
f 151/319/20 145/318/20 201/329/27 153/330/27
f 169/331/22 213/332/22 208/333/21 162/334/21
f 171/289/14 179/288/14 256/260/14 174/259/14
f 269/335/14 136/336/14 177/337/14 270/338/14
f 246/339/14 189/340/14 135/341/14 241/342/14
f 243/343/14 140/344/14 189/340/14 246/339/14
f 144/345/1 167/346/1 155/347/22 149/348/22
f 296/291/14 288/349/14 196/350/14 192/292/14
f 163/351/24 209/352/24 202/353/1 154/354/1
f 171/355/20 215/356/20 217/357/19 173/358/19
f 164/359/18 210/360/18 207/361/20 161/362/20
f 162/334/21 208/333/21 214/269/26 170/268/26
f 168/363/23 212/364/23 218/365/23 174/366/23
f 181/367/14 250/285/14 258/261/14 143/368/14
f 153/330/24 201/329/24 167/346/1 144/345/1
f 195/369/14 190/370/14 254/252/14 248/267/14
f 166/371/28 211/372/28 213/332/22 169/331/22
f 235/373/14 127/223/14 130/218/14 216/374/14
f 172/375/21 216/376/21 236/377/26 176/378/26
f 158/379/21 204/380/21 206/381/26 160/382/26
f 157/383/23 203/384/23 210/360/18 164/359/18
f 149/348/22 155/347/22 156/273/25 148/272/25
f 175/385/25 235/386/25 216/376/21 172/375/21
f 160/382/29 206/381/29 203/387/29 157/388/29
f 80/192/1 127/195/1 235/386/28 175/385/28
f 130/218/14 126/221/14 236/389/14 216/374/14
f 173/358/19 217/357/19 211/372/24 166/371/24
f 154/354/1 202/353/1 205/390/28 159/391/28
f 159/391/25 205/390/25 204/380/21 158/379/21
f 150/275/16 147/274/16 165/392/8 146/393/8
f 174/366/17 218/365/17 215/356/20 171/355/20
f 176/378/29 236/377/29 126/394/8 79/395/8
f 161/362/20 207/361/20 209/352/27 163/351/27
f 244/277/14 242/396/14 196/350/14 197/397/14
f 215/398/14 218/399/14 212/400/14 237/401/14
f 211/402/14 237/401/14 208/403/14 213/404/14
f 237/401/14 212/400/14 214/405/14 208/403/14
f 217/406/14 215/398/14 237/401/14 211/402/14
f 238/407/14 204/408/14 205/409/14 202/410/14
f 207/411/14 238/407/14 202/410/14 209/412/14
f 210/413/14 203/414/14 238/407/14 207/411/14
f 203/414/14 206/415/14 204/408/14 238/407/14
f 239/416/14 165/417/14 147/418/14 156/419/14
f 167/420/14 239/416/14 156/419/14 155/421/14
f 201/422/14 145/423/14 239/416/14 167/420/14
f 145/423/14 200/424/14 165/417/14 239/416/14
f 196/350/14 242/396/14 247/425/14 192/292/14
f 564/426/14 243/343/14 246/339/14 566/427/14
f 102/61/14 98/60/14 315/428/14 219/65/14
f 98/60/14 99/113/14 309/429/14 315/428/14
f 92/430/14 314/109/10 220/143/14 43/144/14
f 226/122/14 224/93/14 81/431/14 80/432/14
f 228/99/14 88/98/14 66/117/14 73/433/14
f 224/93/14 85/92/14 76/115/14 81/431/14
f 225/146/14 228/99/14 73/433/14 70/145/14
f 313/63/10 222/106/14 100/434/14 103/64/14
f 229/68/14 221/67/14 63/148/14 58/147/14
f 232/110/14 314/109/10 92/430/14 44/435/14
f 225/146/14 224/93/14 104/87/14 106/84/14
f 229/68/14 228/99/14 97/83/14 96/69/14
f 231/77/14 227/76/14 79/436/14 82/114/14
f 222/106/14 221/67/14 101/66/14 100/434/14
f 223/73/14 233/72/14 72/95/14 74/116/14
f 234/81/14 230/80/14 61/101/14 64/118/14
f 231/77/14 233/72/14 46/71/14 84/74/14
f 223/73/14 230/80/14 45/79/14 87/70/14
f 234/81/14 232/110/14 44/435/14 90/78/14
f 192/292/14 247/425/14 240/437/14 193/293/14
f 566/427/14 246/339/14 241/342/14 563/438/14
f 186/439/14 140/344/14 243/343/14 245/309/14
f 565/321/14 564/426/14 242/396/14 244/277/14
f 226/122/14 80/432/14 175/440/14 251/287/14
f 253/253/14 169/441/14 162/283/14 182/282/14
f 251/287/14 175/440/14 172/295/14 179/288/14
f 252/315/14 166/314/14 169/441/14 253/253/14
f 244/277/14 197/397/14 194/442/14 249/266/14
f 254/252/14 154/251/14 159/312/14 248/267/14
f 257/299/14 141/443/14 186/439/14 245/309/14
f 252/315/14 199/303/14 198/294/14 251/287/14
f 254/252/14 190/370/14 191/304/14 253/253/14
f 256/260/14 176/296/14 79/436/14 227/76/14
f 249/266/14 194/442/14 195/369/14 248/267/14
f 250/285/14 170/284/14 168/262/14 258/261/14
f 259/279/14 160/324/14 157/306/14 255/280/14
f 256/260/14 178/263/14 143/368/14 258/261/14
f 250/285/14 181/367/14 142/281/14 255/280/14
f 259/279/14 184/278/14 141/443/14 257/299/14
f 188/444/14 139/256/14 277/255/14 275/445/14
f 284/302/14 269/335/14 270/338/14 293/300/14
f 285/446/14 271/323/14 272/326/14 294/301/14
f 295/447/14 273/250/14 271/323/14 285/446/14
f 286/448/14 274/258/14 276/247/14 287/449/14
f 180/325/14 136/336/14 269/335/14 272/326/14
f 177/337/14 38/450/14 267/451/14 270/338/14
f 134/452/14 188/444/14 275/445/14 278/453/14
f 288/349/14 277/255/14 274/258/14 286/448/14
f 287/449/14 276/247/14 273/250/14 295/447/14
f 279/454/14 291/82/14 261/141/14 263/138/14
f 280/455/14 292/456/14 262/137/14 265/135/14
f 292/456/14 279/454/14 263/138/14 262/137/14
f 17/457/10 280/455/14 265/135/14 16/124/10
f 283/85/14 290/86/14 260/128/14 268/127/14
f 36/458/14 264/459/14 18/460/14 94/461/14
f 83/129/14 260/128/14 267/451/14 38/450/14
f 86/142/14 261/141/14 268/127/14 39/130/14
f 94/461/14 18/460/14 266/123/14 42/126/14
f 102/61/14 103/64/14 17/457/10 281/62/14
f 106/84/14 104/87/14 290/86/14 283/85/14
f 103/64/14 100/434/14 280/455/14 17/457/10
f 101/66/14 96/69/14 279/454/14 292/456/14
f 100/434/14 101/66/14 292/456/14 280/455/14
f 96/69/14 97/83/14 291/82/14 279/454/14
f 194/442/14 287/449/14 295/447/14 195/369/14
f 196/350/14 288/349/14 286/448/14 197/397/14
f 197/397/14 286/448/14 287/449/14 194/442/14
f 195/369/14 295/447/14 285/446/14 190/370/14
f 190/370/14 285/446/14 294/301/14 191/304/14
f 199/303/14 284/302/14 293/300/14 198/294/14
f 275/445/14 277/255/14 288/349/14 296/291/14
f 272/326/14 269/335/14 284/302/14 294/301/14
f 270/338/14 267/451/14 282/89/14 293/300/14
f 278/453/14 275/445/14 296/291/14 289/290/14
f 260/128/14 290/86/14 282/89/14 267/451/14
f 261/141/14 291/82/14 283/85/14 268/127/14
f 331/462/1 306/463/1 304/464/1 302/465/1
f 567/466/2 298/467/2 300/468/3 568/469/3
f 568/469/3 300/468/3 302/470/4 569/471/4
f 569/471/4 302/470/4 304/472/5 570/473/5
f 570/473/5 304/472/5 306/474/6 571/475/6
f 571/475/6 306/474/6 308/476/7 572/477/7
f 329/478/8 330/479/8 326/480/8 325/481/8
f 573/482/9 574/483/15 313/484/10 312/485/9
f 219/486/8 315/487/8 316/488/8 312/489/8
f 575/490/11 318/491/11 311/492/9 573/482/9
f 321/493/1 310/494/1 327/495/1 328/496/1
f 577/497/12 323/498/12 318/491/11 575/490/11
f 319/499/8 297/500/8 330/479/8 329/478/8
f 311/501/1 318/502/1 317/503/1 220/504/1
f 309/505/8 324/506/8 316/488/8 315/487/8
f 567/466/2 297/507/2 319/508/13 576/509/13
f 572/477/7 308/476/7 323/498/12 577/497/12
f 305/510/8 330/479/8 301/511/8 303/512/8
f 308/513/1 327/495/1 310/494/1 323/514/1
f 310/494/1 317/503/1 318/502/1 323/514/1
f 309/505/8 326/480/8 307/515/8 324/506/8
f 325/481/8 326/480/8 309/505/8 322/516/8
f 307/515/8 326/480/8 330/479/8 305/510/8
f 328/496/1 327/495/1 331/462/1 332/517/1
f 330/479/8 297/500/8 299/518/8 301/511/8
f 332/517/1 331/462/1 298/519/1 320/520/1
f 306/463/1 331/462/1 327/495/1 308/513/1
f 298/519/1 331/462/1 302/465/1 300/521/1
f 188/522/8 134/523/8 353/524/8 371/525/8
f 184/526/30 142/527/31 361/528/31 368/529/30
f 183/530/8 138/531/8 357/532/8 367/533/8
f 140/534/32 186/535/33 369/536/33 359/537/32
f 278/538/20 289/539/20 377/540/20 376/541/20
f 264/542/21 36/543/21 333/544/21 25/545/21
f 241/546/20 135/547/20 354/548/20 375/549/20
f 89/550/8 40/551/8 337/552/8 348/553/8
f 134/554/20 278/538/20 376/541/20 353/555/20
f 99/556/21 13/557/21 24/558/21 352/559/21
f 178/560/34 47/561/1 343/562/1 364/563/34
f 90/564/35 44/565/36 340/566/36 349/567/35
f 39/568/8 83/569/8 344/570/8 336/571/8
f 186/535/33 141/572/37 360/573/37 369/536/33
f 563/574/20 241/546/20 375/549/20 578/575/20
f 181/576/38 143/577/39 362/578/39 366/579/38
f 40/551/8 86/580/8 346/581/8 337/552/8
f 142/527/31 181/576/38 366/579/38 361/528/31
f 193/582/20 240/583/20 374/584/20 373/585/20
f 41/586/8 89/550/8 348/553/8 338/587/8
f 136/588/8 180/589/8 365/590/8 355/591/8
f 177/592/8 136/588/8 355/591/8 363/593/8
f 83/569/8 38/594/8 335/595/8 344/570/8
f 309/596/21 99/556/21 352/559/21 322/597/21
f 38/594/8 177/592/8 363/593/8 335/595/8
f 94/598/8 42/599/8 473/600/8 475/601/8
f 139/602/8 188/522/8 371/525/8 358/603/8
f 84/604/40 46/605/41 342/606/41 345/607/40
f 137/608/8 183/530/8 367/533/8 356/609/8
f 92/610/42 43/611/43 339/612/43 350/613/42
f 43/611/43 95/614/44 351/615/44 339/612/43
f 141/572/37 184/526/30 368/529/30 360/573/37
f 42/599/8 93/616/8 474/617/8 473/600/8
f 143/577/39 178/560/34 364/563/34 362/578/39
f 93/616/8 41/586/8 338/587/8 474/617/8
f 44/565/36 92/610/42 350/613/42 340/566/36
f 36/618/8 94/598/8 475/601/8 333/619/8
f 45/620/45 90/564/35 349/567/35 341/621/45
f 135/622/46 189/623/47 372/624/47 354/625/46
f 180/589/8 137/608/8 356/609/8 365/590/8
f 289/539/20 193/582/20 373/585/20 377/540/20
f 187/626/8 139/602/8 358/603/8 370/627/8
f 95/614/44 37/628/48 334/629/48 351/615/44
f 46/605/41 87/630/49 347/631/49 342/606/41
f 86/580/8 39/568/8 336/571/8 346/581/8
f 47/561/1 84/604/40 345/607/40 343/562/1
f 189/623/47 140/534/32 359/537/32 372/624/47
f 87/630/49 45/620/45 341/621/45 347/631/49
f 138/531/8 187/626/8 370/627/8 357/532/8
f 321/632/21 334/633/21 37/634/21 310/635/21
f 576/509/13 319/508/13 329/636/50 579/637/50
f 580/638/51 328/639/51 332/640/50 579/637/50
f 581/641/52 580/638/51 325/642/51 322/643/52
f 35/644/50 23/46/13 22/45/13 32/645/50
f 31/646/51 35/644/50 32/645/50 28/647/51
f 24/648/52 31/646/51 28/647/51 25/649/52
f 369/650/52 360/651/52 389/652/52 395/653/52
f 368/654/52 361/655/52 390/656/52 394/657/52
f 345/658/52 342/659/52 381/660/52 383/661/52
f 359/662/52 369/650/52 395/653/52 388/663/52
f 339/664/52 351/665/52 387/666/52 378/667/52
f 351/665/52 334/668/52 321/669/52 387/666/52
f 360/651/52 368/654/52 394/657/52 389/652/52
f 364/670/52 343/671/52 382/672/52 392/673/52
f 340/674/52 350/675/52 386/676/52 379/677/52
f 354/678/52 372/679/52 396/680/52 375/681/52
f 347/682/52 341/683/52 380/684/52 384/685/52
f 362/686/52 364/670/52 392/673/52 391/687/52
f 341/683/52 349/688/52 385/689/52 380/684/52
f 342/659/52 347/682/52 384/685/52 381/660/52
f 366/690/52 362/686/52 391/687/52 393/691/52
f 349/688/52 340/674/52 379/677/52 385/689/52
f 361/655/52 366/690/52 393/691/52 390/656/52
f 343/671/52 345/658/52 383/661/52 382/672/52
f 350/675/52 339/664/52 378/667/52 386/676/52
f 372/679/52 359/662/52 388/663/52 396/680/52
f 582/692/52 583/693/52 404/694/52 399/695/52
f 584/696/52 585/697/52 413/698/52 408/699/52
f 586/700/52 587/701/52 403/702/52 400/703/52
f 588/704/52 584/696/52 408/699/52 414/705/52
f 589/706/52 590/707/52 410/708/52 412/709/52
f 591/710/52 581/641/52 322/643/52 406/711/52
f 592/712/52 593/713/52 402/714/52 401/715/52
f 594/716/52 592/712/52 401/715/52 411/717/52
f 595/718/52 596/719/52 407/720/52 415/721/52
f 578/722/52 595/718/52 415/721/52 374/723/52
f 593/713/52 586/700/52 400/703/52 402/714/52
f 585/697/52 597/724/52 409/725/52 413/698/52
f 587/701/52 582/692/52 399/695/52 403/702/52
f 596/719/52 588/704/52 414/705/52 407/720/52
f 583/693/52 598/726/52 398/727/52 404/694/52
f 599/728/52 591/710/52 406/711/52 397/729/52
f 590/707/52 594/716/52 411/717/52 410/708/52
f 600/730/52 599/728/52 397/729/52 405/731/52
f 598/726/52 600/730/52 405/731/52 398/727/52
f 597/724/52 589/706/52 412/709/52 409/725/52
f 400/703/52 403/702/52 422/732/52 419/733/52
f 404/694/52 398/727/52 417/734/52 423/735/52
f 408/699/52 413/698/52 432/736/52 427/737/52
f 374/723/52 415/721/52 434/738/52 373/739/52
f 399/695/52 404/694/52 423/735/52 418/740/52
f 405/731/52 397/729/52 416/741/52 424/742/52
f 414/705/52 408/699/52 427/737/52 433/743/52
f 412/709/52 410/708/52 429/744/52 431/745/52
f 411/717/52 401/715/52 420/746/52 430/747/52
f 397/729/52 406/711/52 425/748/52 416/741/52
f 415/721/52 407/720/52 426/749/52 434/738/52
f 413/698/52 409/725/52 428/750/52 432/736/52
f 406/711/52 322/643/52 352/751/52 425/748/52
f 401/715/52 402/714/52 421/752/52 420/746/52
f 407/720/52 414/705/52 433/743/52 426/749/52
f 398/727/52 405/731/52 424/742/52 417/734/52
f 402/714/52 400/703/52 419/733/52 421/752/52
f 410/708/52 411/717/52 430/747/52 429/744/52
f 403/702/52 399/695/52 418/740/52 422/732/52
f 409/725/52 412/709/52 431/745/52 428/750/52
f 425/748/52 352/751/52 24/648/52 444/753/52
f 421/752/52 419/733/52 438/754/52 440/755/52
f 429/744/52 430/747/52 449/756/52 448/757/52
f 422/732/52 418/740/52 437/758/52 441/759/52
f 428/750/52 431/745/52 450/760/52 447/761/52
f 423/735/52 417/734/52 436/762/52 442/763/52
f 427/737/52 432/736/52 451/764/52 446/765/52
f 424/742/52 416/741/52 435/766/52 443/767/52
f 433/743/52 427/737/52 446/765/52 452/768/52
f 417/734/52 424/742/52 443/767/52 436/762/52
f 431/745/52 429/744/52 448/757/52 450/760/52
f 430/747/52 420/746/52 439/769/52 449/756/52
f 418/740/52 423/735/52 442/763/52 437/758/52
f 434/738/52 426/749/52 445/770/52 453/771/52
f 416/741/52 425/748/52 444/753/52 435/766/52
f 432/736/52 428/750/52 447/761/52 451/764/52
f 373/739/52 434/738/52 453/771/52 377/772/52
f 420/746/52 421/752/52 440/755/52 439/769/52
f 419/733/52 422/732/52 441/759/52 438/754/52
f 426/749/52 433/743/52 452/768/52 445/770/52
f 451/764/52 447/761/52 466/773/52 470/774/52
f 377/772/52 453/771/52 472/775/52 376/776/52
f 439/769/52 440/755/52 459/777/52 458/778/52
f 445/770/52 452/768/52 471/779/52 464/780/52
f 444/753/52 24/648/52 25/649/52 463/781/52
f 440/755/52 438/754/52 457/782/52 459/777/52
f 448/757/52 449/756/52 468/783/52 467/784/52
f 441/759/52 437/758/52 456/785/52 460/786/52
f 447/761/52 450/760/52 469/787/52 466/773/52
f 442/763/52 436/762/52 455/788/52 461/789/52
f 436/762/52 443/767/52 462/790/52 455/788/52
f 446/765/52 451/764/52 470/774/52 465/791/52
f 443/767/52 435/766/52 454/792/52 462/790/52
f 452/768/52 446/765/52 465/791/52 471/779/52
f 435/766/52 444/753/52 463/781/52 454/792/52
f 450/760/52 448/757/52 467/784/52 469/787/52
f 437/758/52 442/763/52 461/789/52 456/785/52
f 449/756/52 439/769/52 458/778/52 468/783/52
f 438/754/52 441/759/52 460/786/52 457/782/52
f 453/771/52 445/770/52 464/780/52 472/775/52
f 454/792/52 463/781/52 475/793/52 473/794/52
f 471/779/52 465/791/52 357/795/52 370/796/52
f 455/788/52 462/790/52 474/797/52 338/798/52
f 469/787/52 467/784/52 355/799/52 365/800/52
f 468/783/52 458/778/52 335/801/52 363/802/52
f 456/785/52 461/789/52 348/803/52 337/804/52
f 472/775/52 464/780/52 358/805/52 371/806/52
f 470/774/52 466/773/52 356/807/52 367/808/52
f 376/776/52 472/775/52 371/806/52 353/809/52
f 458/778/52 459/777/52 344/810/52 335/801/52
f 457/782/52 460/786/52 346/811/52 336/812/52
f 464/780/52 471/779/52 370/796/52 358/805/52
f 463/781/52 25/649/52 333/813/52 475/793/52
f 459/777/52 457/782/52 336/812/52 344/810/52
f 467/784/52 468/783/52 363/802/52 355/799/52
f 460/786/52 456/785/52 337/804/52 346/811/52
f 466/773/52 469/787/52 365/800/52 356/807/52
f 461/789/52 455/788/52 338/798/52 348/803/52
f 465/791/52 470/774/52 367/808/52 357/795/52
f 462/790/52 454/792/52 473/794/52 474/797/52
f 500/814/53 477/815/54 479/816/55 501/817/56
f 501/817/56 479/816/55 481/818/57 502/819/58
f 502/819/58 481/818/57 483/820/59 503/821/60
f 503/821/60 483/820/59 485/822/61 504/823/62
f 504/823/62 485/822/61 487/824/63 505/825/64
f 505/825/64 487/824/63 489/826/65 506/827/66
f 506/827/66 489/826/65 491/828/67 507/829/68
f 507/829/68 491/828/67 493/830/69 508/831/70
f 508/831/70 493/830/69 495/832/71 509/833/72
f 509/833/72 495/832/71 497/834/73 510/835/74
f 514/836/14 493/837/14 491/838/14 489/839/14
f 510/835/74 497/834/73 499/840/75 511/841/76
f 511/841/76 499/840/75 477/815/54 500/814/53
f 498/842/77 511/841/76 500/814/53 476/843/78
f 496/844/79 510/835/74 511/841/76 498/842/77
f 494/845/80 509/833/72 510/835/74 496/844/79
f 492/846/81 508/831/70 509/833/72 494/845/80
f 490/847/82 507/829/68 508/831/70 492/846/81
f 488/848/83 506/827/66 507/829/68 490/847/82
f 486/849/84 505/825/64 506/827/66 488/848/83
f 484/850/85 504/823/62 505/825/64 486/849/84
f 482/851/86 503/821/60 504/823/62 484/850/85
f 480/852/87 502/819/58 503/821/60 482/851/86
f 478/853/88 501/817/56 502/819/58 480/852/87
f 476/843/78 500/814/53 501/817/56 478/853/88
f 485/854/14 514/836/14 489/839/14 487/855/14
f 513/856/14 497/857/14 495/858/14 512/859/14
f 481/860/14 513/856/14 512/859/14 483/861/14
f 477/862/14 499/863/14 497/857/14 513/856/14
f 479/864/14 477/862/14 513/856/14 481/860/14
f 512/859/14 495/858/14 493/837/14 514/836/14
f 483/861/14 512/859/14 514/836/14 485/854/14
f 530/865/21 532/866/21 550/867/21 548/868/21
f 520/869/21 522/870/21 540/871/21 558/872/21
f 518/873/21 555/874/21 556/875/21 516/876/21
f 531/877/20 529/878/20 547/879/20 549/880/20
f 521/881/20 519/882/20 557/883/20 539/884/20
f 534/885/21 536/886/21 559/887/21 552/888/21
f 524/889/21 526/890/21 544/891/21 542/892/21
f 535/893/20 533/894/20 551/895/20 560/896/20
f 525/897/20 523/898/20 541/899/20 543/900/20
f 538/901/89 536/902/90 535/903/90 537/904/89
f 528/905/21 530/865/21 548/868/21 546/906/21
f 560/896/20 561/907/20 537/908/20 535/893/20
f 516/909/14 538/901/89 537/904/89 515/910/14
f 516/876/21 556/875/21 562/911/21 538/912/21
f 557/913/91 558/914/91 540/915/92 539/916/92
f 539/916/92 540/915/92 542/917/90 541/918/90
f 541/918/90 542/917/90 544/919/89 543/920/89
f 543/920/89 544/919/89 546/921/14 545/922/14
f 545/922/14 546/921/14 548/923/93 547/924/93
f 547/924/93 548/923/93 550/925/94 549/926/94
f 549/926/94 550/925/94 552/927/95 551/928/95
f 551/928/95 552/927/95 559/929/96 560/930/96
f 517/931/20 554/932/20 557/883/20 519/882/20
f 527/933/20 525/897/20 543/900/20 545/934/20
f 538/912/21 562/911/21 559/887/21 536/886/21
f 526/890/21 528/905/21 546/906/21 544/891/21
f 515/935/20 537/908/20 561/907/20 553/936/20
f 523/898/20 521/881/20 539/884/20 541/899/20
f 533/894/20 531/877/20 549/880/20 551/895/20
f 522/870/21 524/889/21 542/892/21 540/871/21
f 532/866/21 534/885/21 552/888/21 550/867/21
f 558/872/21 555/874/21 518/873/21 520/869/21
f 529/878/20 527/933/20 545/934/20 547/879/20
f 536/902/90 534/937/8 533/938/8 535/903/90
f 534/937/8 532/939/97 531/940/97 533/938/8
f 532/939/97 530/941/98 529/942/98 531/940/97
f 530/941/98 528/943/52 527/944/52 529/942/98
f 528/945/52 526/946/99 525/947/99 527/948/52
f 526/946/99 524/949/100 523/950/100 525/947/99
f 524/949/100 522/951/1 521/952/1 523/950/100
f 522/951/1 520/953/94 519/954/94 521/952/1
f 520/953/94 518/955/93 517/956/93 519/954/94
f 518/955/93 516/909/14 515/910/14 517/956/93
f 515/935/20 553/936/20 554/932/20 517/931/20
f 266/26/8 15/25/8 16/957/8
f 14/39/1 281/42/1 17/958/1
f 219/486/8 312/489/8 313/959/8
f 311/501/1 220/504/1 314/960/1
f 390/656/52 393/691/52 589/706/52 597/724/52
f 379/677/52 386/676/52 600/730/52 598/726/52
f 386/676/52 378/667/52 599/728/52 600/730/52
f 391/687/52 392/673/52 594/716/52 590/707/52
f 378/667/52 387/666/52 591/710/52 599/728/52
f 385/689/52 379/677/52 598/726/52 583/693/52
f 388/663/52 395/653/52 588/704/52 596/719/52
f 384/685/52 380/684/52 582/692/52 587/701/52
f 394/657/52 390/656/52 597/724/52 585/697/52
f 383/661/52 381/660/52 586/700/52 593/713/52
f 375/681/52 396/680/52 595/718/52 578/722/52
f 396/680/52 388/663/52 596/719/52 595/718/52
f 392/673/52 382/672/52 592/712/52 594/716/52
f 382/672/52 383/661/52 593/713/52 592/712/52
f 387/666/52 321/669/52 581/641/52 591/710/52
f 393/691/52 391/687/52 590/707/52 589/706/52
f 395/653/52 389/652/52 584/696/52 588/704/52
f 381/660/52 384/685/52 587/701/52 586/700/52
f 389/652/52 394/657/52 585/697/52 584/696/52
f 380/684/52 385/689/52 583/693/52 582/692/52
f 321/669/52 328/639/51 580/638/51 581/641/52
f 325/642/51 580/638/51 579/637/50 329/636/50
f 320/961/13 576/509/13 579/637/50 332/640/50
f 240/583/20 563/574/20 578/575/20 374/584/20
f 307/962/7 572/477/7 577/497/12 324/963/12
f 298/467/2 567/466/2 576/509/13 320/961/13
f 324/963/12 577/497/12 575/490/11 316/964/11
f 316/964/11 575/490/11 573/482/9 312/485/9
f 311/492/9 314/965/10 574/483/15 573/482/9
f 305/966/6 571/475/6 572/477/7 307/962/7
f 303/967/5 570/473/5 571/475/6 305/966/6
f 301/968/4 569/471/4 570/473/5 303/967/5
f 299/969/3 568/469/3 569/471/4 301/968/4
f 297/507/2 567/466/2 568/469/3 299/969/3
f 245/309/14 243/343/14 564/426/14 565/321/14
f 247/425/14 566/427/14 563/438/14 240/437/14
f 242/396/14 564/426/14 566/427/14 247/425/14
f 53/149/14 313/63/10 574/121/15 52/120/14
f 149/276/14 148/320/14 565/321/14 244/277/14
o cast_iron_stove_door_base
v 0.233453 0.317801 0.022348
v 0.233453 0.328990 0.022348
v 0.242923 0.317801 0.024886
v 0.242923 0.328990 0.024886
v 0.249856 0.317801 0.031819
v 0.249856 0.328990 0.031819
v 0.252393 0.317801 0.041289
v 0.252393 0.328990 0.041289
v 0.249856 0.317801 0.050759
v 0.249856 0.328990 0.050759
v 0.242923 0.317801 0.057692
v 0.242923 0.328990 0.057692
v 0.233453 0.317801 0.060230
v 0.233453 0.328990 0.060230
v 0.223982 0.317801 0.057692
v 0.223982 0.328990 0.057692
v 0.217049 0.317801 0.050759
v 0.217049 0.328990 0.050759
v 0.214512 0.317801 0.041289
v 0.214512 0.328990 0.041289
v 0.217049 0.317801 0.031819
v 0.217049 0.328990 0.031819
v 0.223982 0.317801 0.024886
v 0.223982 0.328990 0.024886
v 0.233453 0.328990 0.041289
v 0.233453 0.328990 0.031819
v 0.233453 0.328990 0.050759
v 0.330883 0.344900 0.041412
v 0.330883 0.344900 0.056540
v 0.330883 0.381536 0.041412
v 0.330883 0.381536 0.056540
v 0.367519 0.344900 0.041412
v 0.367519 0.344900 0.056540
v 0.367519 0.381536 0.041412
v 0.367519 0.381536 0.056540
v 0.287773 0.019435 0.038332
v 0.287773 0.400171 0.038332
v 0.183343 0.418697 0.038332
v 0.138161 0.436064 0.038332
v 0.093274 0.447812 0.038332
v 0.045392 0.455095 0.038332
v -0.000000 0.456580 0.038332
v 0.224300 0.400171 0.038332
v 0.000000 0.019435 0.018915
v 0.302769 0.000000 0.038332
v 0.302769 0.419606 0.038332
v 0.188274 0.436543 0.038332
v 0.143497 0.454136 0.038332
v 0.096920 0.466310 0.038332
v 0.046989 0.473324 0.038332
v -0.000000 0.474819 0.038332
v 0.224300 0.419606 0.038332
v 0.000000 0.000000 0.038332
v 0.287773 0.303568 0.038332
v 0.302769 0.303568 0.038332
v 0.138161 0.436064 0.018915
v 0.302769 0.111497 0.038332
v 0.400007 0.000000 0.038332
v 0.400007 0.419606 0.038332
v 0.400007 0.303568 0.038332
v 0.400007 0.111497 0.038332
v 0.183343 0.418697 0.018915
v 0.302769 0.149133 0.038332
v 0.287773 0.242528 0.038332
v 0.302769 0.242528 0.038332
v 0.287773 0.400171 0.018915
v 0.302769 0.280164 0.038332
v -0.287773 0.019435 0.038332
v -0.287773 0.400171 0.038332
v -0.183343 0.418697 0.038332
v -0.138161 0.436064 0.038332
v -0.093274 0.447812 0.038332
v -0.045392 0.455095 0.038332
v -0.224300 0.400171 0.038332
v -0.302769 0.000000 0.038332
v -0.302769 0.419606 0.038332
v -0.188274 0.436543 0.038332
v -0.143497 0.454136 0.038332
v -0.096920 0.466310 0.038332
v -0.046989 0.473324 0.038332
v -0.224300 0.419606 0.038332
v -0.287773 0.306548 0.038332
v -0.302769 0.303568 0.038332
v -0.287773 0.110007 0.038332
v -0.302769 0.111497 0.038332
v -0.400007 0.000000 0.038332
v -0.400007 0.419606 0.038332
v -0.400007 0.303568 0.038332
v -0.400007 0.111497 0.038332
v 0.211274 0.280164 0.041988
v 0.211274 0.242528 0.041988
v 0.212962 0.280164 0.050475
v 0.212962 0.242528 0.050475
v 0.217770 0.280164 0.057671
v 0.217770 0.242528 0.057671
v 0.224965 0.280164 0.062478
v 0.224965 0.242528 0.062478
v 0.233453 0.280164 0.064167
v 0.233453 0.242528 0.064167
v 0.247577 0.280164 0.060338
v 0.247577 0.242528 0.060338
v 0.250893 0.280164 0.042100
v 0.233453 0.280164 0.042100
v 0.287773 0.280164 0.038332
v 0.287773 0.019435 0.018915
v 0.211274 0.280164 0.018915
v 0.211274 0.242528 0.018915
v 0.233453 0.242528 0.018915
v 0.273350 0.242528 0.042100
v 0.273350 0.280164 0.042100
v 0.233453 0.280164 0.018915
v 0.287773 0.280164 0.018915
v 0.287773 0.242528 0.018915
v 0.233453 0.242528 0.042100
v 0.250893 0.242528 0.042100
v 0.260678 0.242528 0.050603
v 0.260678 0.280164 0.050603
v 0.211274 0.149133 0.041988
v 0.211274 0.111497 0.041988
v 0.212962 0.149133 0.050475
v 0.212962 0.111497 0.050475
v 0.217770 0.149133 0.057671
v 0.217770 0.111497 0.057671
v 0.224965 0.149133 0.062478
v 0.224965 0.111497 0.062478
v 0.233453 0.149133 0.064167
v 0.233453 0.111497 0.064167
v 0.247577 0.149133 0.060338
v 0.247577 0.111497 0.060338
v 0.250893 0.149133 0.042100
v 0.233453 0.149133 0.042100
v 0.287773 0.149133 0.038332
v 0.287773 0.111497 0.038332
v 0.211274 0.149133 0.018915
v 0.211274 0.111497 0.018915
v 0.233453 0.111497 0.018915
v 0.273350 0.111497 0.042100
v 0.273350 0.149133 0.042100
v 0.233453 0.149133 0.018915
v 0.287773 0.149133 0.018915
v 0.287773 0.111497 0.018915
v 0.233453 0.111497 0.042100
v 0.250893 0.111497 0.042100
v 0.260678 0.111497 0.050603
v 0.260678 0.149133 0.050603
v 0.093274 0.447812 0.018915
v 0.045392 0.455095 0.018915
v -0.000000 0.456580 0.018915
v 0.224300 0.400171 0.018915
v 0.000000 0.019435 0.038332
v 0.287773 0.303568 0.018915
v -0.287773 0.019435 0.018915
v -0.287773 0.400171 0.018915
v -0.183343 0.418697 0.018915
v -0.138161 0.436064 0.018915
v -0.093274 0.447812 0.018915
v -0.045392 0.455095 0.018915
v -0.224300 0.400171 0.018915
v -0.287773 0.306548 0.018915
v -0.287773 0.110007 0.018915
v 0.287773 0.195831 0.038332
v 0.302769 0.195831 0.038332
v 0.192007 0.195831 0.018915
v 0.192007 0.098474 0.018915
v -0.192007 0.019435 0.038332
v -0.192007 0.000000 0.038332
v 0.192007 0.019435 0.038332
v 0.192007 0.000000 0.038332
v 0.192007 0.019435 0.018915
v 0.241004 0.314576 0.018915
v -0.192007 0.019435 0.018915
v -0.192007 0.098474 0.018915
v 0.114111 0.361365 0.018915
v 0.153115 0.346373 0.018915
v 0.077420 0.370967 0.018915
v 0.038195 0.376934 0.018915
v -0.000000 0.378183 0.018915
v 0.192007 0.328780 0.018915
v -0.153115 0.346373 0.018915
v -0.114111 0.361365 0.018915
v -0.077420 0.370967 0.018915
v -0.038195 0.376934 0.018915
v -0.192007 0.328780 0.018915
v -0.000000 0.098474 0.018915
v 0.233453 0.019435 0.038332
v 0.233453 0.000000 0.038332
v 0.233453 0.019435 0.018915
v 0.287773 0.195831 0.018915
v 0.233453 0.195831 0.018915
v 0.255455 0.400171 0.038332
v 0.255455 0.419606 0.038332
v 0.255455 0.400171 0.018915
v 0.302769 0.000000 0.000000
v 0.302769 0.419606 0.000000
v 0.188274 0.436543 0.000000
v 0.143497 0.454136 0.000000
v 0.096920 0.466310 0.000000
v 0.046989 0.473324 0.000000
v -0.000000 0.474819 0.000000
v 0.224300 0.419606 0.000000
v 0.000000 0.000000 0.000000
v 0.302769 0.303568 0.000000
v 0.302769 0.111497 0.000000
v 0.400007 0.000000 0.000000
v 0.400007 0.419606 0.000000
v 0.400007 0.303568 0.000000
v 0.400007 0.111497 0.000000
v 0.302769 0.149133 0.000000
v 0.302769 0.242528 0.000000
v 0.302769 0.280164 0.000000
v -0.302769 0.000000 0.000000
v -0.302769 0.419606 0.000000
v -0.188274 0.436543 0.000000
v -0.143497 0.454136 0.000000
v -0.096920 0.466310 0.000000
v -0.046989 0.473324 0.000000
v -0.224300 0.419606 0.000000
v -0.302769 0.303568 0.000000
v -0.302769 0.111497 0.000000
v -0.400007 0.000000 0.000000
v -0.400007 0.419606 0.000000
v -0.400007 0.303568 0.000000
v -0.400007 0.111497 0.000000
v 0.302769 0.195831 0.000000
v -0.192007 0.000000 0.000000
v 0.192007 0.000000 0.000000
v 0.233453 0.000000 0.000000
v 0.255455 0.419606 0.000000
v 0.192007 0.195831 0.000000
v 0.192007 0.098474 0.000000
v -0.192007 0.098474 0.000000
v 0.114111 0.361365 0.000000
v 0.153115 0.346373 0.000000
v 0.077420 0.370967 0.000000
v 0.038195 0.376934 0.000000
v -0.000000 0.378183 0.000000
v 0.192007 0.328780 0.000000
v -0.153115 0.346373 0.000000
v -0.114111 0.361365 0.000000
v -0.077420 0.370967 0.000000
v -0.038195 0.376934 0.000000
v -0.192007 0.328780 0.000000
v -0.000000 0.098474 0.000000
v 0.233453 0.186832 0.030975
v 0.233453 0.242528 0.030975
v 0.238610 0.186832 0.032356
v 0.238610 0.242528 0.032356
v 0.242385 0.186832 0.036132
v 0.242385 0.242528 0.036132
v 0.243767 0.186832 0.041289
v 0.243767 0.242528 0.041289
v 0.242385 0.186832 0.046446
v 0.242385 0.242528 0.046446
v 0.238610 0.186832 0.050221
v 0.238610 0.242528 0.050221
v 0.233453 0.186832 0.051603
v 0.233453 0.242528 0.051603
v 0.228295 0.186832 0.050221
v 0.228295 0.242528 0.050221
v 0.224520 0.186832 0.046446
v 0.224520 0.242528 0.046446
v 0.223138 0.186832 0.041289
v 0.223138 0.242528 0.041289
v 0.224520 0.186832 0.036132
v 0.224520 0.242528 0.036132
v 0.228295 0.186832 0.032356
v 0.228295 0.242528 0.032356
v 0.233453 0.111719 0.022348
v 0.233453 0.100530 0.022348
v 0.223982 0.111719 0.024886
v 0.223982 0.100530 0.024886
v 0.217049 0.111719 0.031819
v 0.217049 0.100530 0.031819
v 0.214512 0.111719 0.041289
v 0.214512 0.100530 0.041289
v 0.217049 0.111719 0.050759
v 0.217049 0.100530 0.050759
v 0.223982 0.111719 0.057692
v 0.223982 0.100530 0.057692
v 0.233453 0.111719 0.060230
v 0.233453 0.100530 0.060230
v 0.242923 0.111719 0.057692
v 0.242923 0.100530 0.057692
v 0.249856 0.111719 0.050759
v 0.249856 0.100530 0.050759
v 0.252393 0.111719 0.041289
v 0.252393 0.100530 0.041289
v 0.249856 0.111719 0.031819
v 0.249856 0.100530 0.031819
v 0.242923 0.111719 0.024886
v 0.242923 0.100530 0.024886
v 0.233453 0.100530 0.041289
v 0.233453 0.100530 0.031819
v 0.233453 0.100530 0.050759
v 0.349201 0.385398 0.038332
v 0.349201 0.385398 0.041412
v 0.357689 0.383710 0.038332
v 0.357689 0.383710 0.041412
v 0.364885 0.378902 0.038332
v 0.364885 0.378902 0.041412
v 0.369693 0.371706 0.038332
v 0.369693 0.371706 0.041412
v 0.371381 0.363218 0.038332
v 0.371381 0.363218 0.041412
v 0.369693 0.354730 0.038332
v 0.369693 0.354730 0.041412
v 0.364885 0.347535 0.038332
v 0.364885 0.347535 0.041412
v 0.357689 0.342727 0.038332
v 0.357689 0.342727 0.041412
v 0.349201 0.341038 0.038332
v 0.349201 0.341038 0.041412
v 0.340713 0.342727 0.038332
v 0.340713 0.342727 0.041412
v 0.333518 0.347535 0.038332
v 0.333518 0.347535 0.041412
v 0.328710 0.354730 0.038332
v 0.328710 0.354730 0.041412
v 0.327021 0.363218 0.038332
v 0.327021 0.363218 0.041412
v 0.328710 0.371706 0.038332
v 0.328710 0.371706 0.041412
v 0.333518 0.378902 0.038332
v 0.333518 0.378902 0.041412
v 0.340713 0.383710 0.038332
v 0.340713 0.383710 0.041412
v 0.349201 0.363218 0.041412
v 0.330883 0.033723 0.041412
v 0.330883 0.033723 0.056540
v 0.330883 0.070359 0.041412
v 0.330883 0.070359 0.056540
v 0.367519 0.033723 0.041412
v 0.367519 0.033723 0.056540
v 0.367519 0.070359 0.041412
v 0.367519 0.070359 0.056540
v 0.349201 0.074221 0.038332
v 0.349201 0.074221 0.041412
v 0.357689 0.072533 0.038332
v 0.357689 0.072533 0.041412
v 0.364885 0.067725 0.038332
v 0.364885 0.067725 0.041412
v 0.369693 0.060529 0.038332
v 0.369693 0.060529 0.041412
v 0.371381 0.052041 0.038332
v 0.371381 0.052041 0.041412
v 0.369693 0.043553 0.038332
v 0.369693 0.043553 0.041412
v 0.364885 0.036358 0.038332
v 0.364885 0.036358 0.041412
v 0.357689 0.031550 0.038332
v 0.357689 0.031550 0.041412
v 0.349201 0.029861 0.038332
v 0.349201 0.029861 0.041412
v 0.340713 0.031550 0.038332
v 0.340713 0.031550 0.041412
v 0.333518 0.036358 0.038332
v 0.333518 0.036358 0.041412
v 0.328710 0.043553 0.038332
v 0.328710 0.043553 0.041412
v 0.327021 0.052041 0.038332
v 0.327021 0.052041 0.041412
v 0.328710 0.060529 0.038332
v 0.328710 0.060529 0.041412
v 0.333518 0.067725 0.038332
v 0.333518 0.067725 0.041412
v 0.340713 0.072533 0.038332
v 0.340713 0.072533 0.041412
v 0.349201 0.052041 0.041412
v -0.366692 0.344900 0.041412
v -0.366692 0.344900 0.056540
v -0.366692 0.381536 0.041412
v -0.366692 0.381536 0.056540
v -0.330056 0.344900 0.041412
v -0.330056 0.344900 0.056540
v -0.330056 0.381536 0.041412
v -0.330056 0.381536 0.056540
v -0.348374 0.385398 0.038332
v -0.348374 0.385398 0.041412
v -0.339886 0.383710 0.038332
v -0.339886 0.383710 0.041412
v -0.332690 0.378902 0.038332
v -0.332690 0.378902 0.041412
v -0.327882 0.371706 0.038332
v -0.327882 0.371706 0.041412
v -0.326194 0.363218 0.038332
v -0.326194 0.363218 0.041412
v -0.327882 0.354730 0.038332
v -0.327882 0.354730 0.041412
v -0.332690 0.347535 0.038332
v -0.332690 0.347535 0.041412
v -0.339886 0.342727 0.038332
v -0.339886 0.342727 0.041412
v -0.348374 0.341038 0.038332
v -0.348374 0.341038 0.041412
v -0.356862 0.342727 0.038332
v -0.356862 0.342727 0.041412
v -0.364057 0.347535 0.038332
v -0.364057 0.347535 0.041412
v -0.368865 0.354730 0.038332
v -0.368865 0.354730 0.041412
v -0.370554 0.363218 0.038332
v -0.370554 0.363218 0.041412
v -0.368865 0.371706 0.038332
v -0.368865 0.371706 0.041412
v -0.364057 0.378902 0.038332
v -0.364057 0.378902 0.041412
v -0.356862 0.383710 0.038332
v -0.356862 0.383710 0.041412
v -0.348374 0.363218 0.041412
v -0.366692 0.033723 0.041412
v -0.366692 0.033723 0.056540
v -0.366692 0.070359 0.041412
v -0.366692 0.070359 0.056540
v -0.330056 0.033723 0.041412
v -0.330056 0.033723 0.056540
v -0.330056 0.070359 0.041412
v -0.330056 0.070359 0.056540
v -0.348374 0.074221 0.038332
v -0.348374 0.074221 0.041412
v -0.339886 0.072533 0.038332
v -0.339886 0.072533 0.041412
v -0.332690 0.067725 0.038332
v -0.332690 0.067725 0.041412
v -0.327882 0.060529 0.038332
v -0.327882 0.060529 0.041412
v -0.326194 0.052041 0.038332
v -0.326194 0.052041 0.041412
v -0.327882 0.043553 0.038332
v -0.327882 0.043553 0.041412
v -0.332690 0.036358 0.038332
v -0.332690 0.036358 0.041412
v -0.339886 0.031550 0.038332
v -0.339886 0.031550 0.041412
v -0.348374 0.029861 0.038332
v -0.348374 0.029861 0.041412
v -0.356862 0.031550 0.038332
v -0.356862 0.031550 0.041412
v -0.364057 0.036358 0.038332
v -0.364057 0.036358 0.041412
v -0.368865 0.043553 0.038332
v -0.368865 0.043553 0.041412
v -0.370554 0.052041 0.038332
v -0.370554 0.052041 0.041412
v -0.368865 0.060529 0.038332
v -0.368865 0.060529 0.041412
v -0.364057 0.067725 0.038332
v -0.364057 0.067725 0.041412
v -0.356862 0.072533 0.038332
v -0.356862 0.072533 0.041412
v -0.348374 0.052041 0.041412
v 0.302769 0.098474 0.038332
v 0.400007 0.098474 0.038332
v 0.287773 0.098474 0.038332
v 0.287773 0.098474 0.018915
v 0.233453 0.098474 0.018915
v 0.400007 0.098474 0.000000
vn -0.0000 -0.0000 -1.0000
vn 0.5000 -0.0000 -0.8660
vn 0.8660 -0.0000 -0.5000
vn 1.0000 -0.0000 -0.0000
vn 0.8660 -0.0000 0.5000
vn 0.5000 -0.0000 0.8660
vn -0.0000 -0.0000 1.0000
vn -0.5000 -0.0000 0.8660
vn -0.8660 -0.0000 0.5000
vn -1.0000 -0.0000 -0.0000
vn -0.8660 -0.0000 -0.5000
vn -0.5000 -0.0000 -0.8660
vn -0.0000 1.0000 -0.0000
vn -0.0000 -1.0000 -0.0000
vn 0.0849 -0.0000 0.9964
vn -0.9952 -0.0000 0.0980
vn -0.9239 -0.0000 0.3827
vn -0.7071 -0.0000 0.7071
vn -0.3827 -0.0000 0.9239
vn 0.0342 -0.0000 0.9994
vn 0.4367 -0.0000 0.8996
vn 0.4107 -0.0000 0.9118
vn 0.5770 -0.0000 0.8168
vn 0.3856 -0.9227 -0.0000
vn 0.3065 -0.9519 -0.0000
vn -0.3065 -0.9519 -0.0000
vn -0.3856 -0.9227 -0.0000
vn -0.2108 -0.9775 -0.0000
vn -0.0917 -0.9958 -0.0000
vn 0.2108 -0.9775 -0.0000
vn 0.0917 -0.9958 -0.0000
vn 0.2021 -0.9794 -0.0000
vn -0.2021 -0.9794 -0.0000
vn 0.1963 0.9805 -0.0000
vn 0.0856 0.9963 -0.0000
vn 0.3098 0.9508 -0.0000
vn 0.3958 0.9183 -0.0000
vn 0.2180 0.9760 -0.0000
vn -0.3958 0.9183 -0.0000
vn -0.2180 0.9760 -0.0000
vn -0.0856 0.9963 -0.0000
vn -0.1963 0.9805 -0.0000
vn -0.3098 0.9508 -0.0000
vn -0.4121 -0.9111 -0.0000
vn 0.4121 -0.9111 -0.0000
vn 0.3827 0.9239 -0.0000
vn 0.7071 0.7071 -0.0000
vn 0.9239 0.3827 -0.0000
vn 0.9239 -0.3827 -0.0000
vn 0.7071 -0.7071 -0.0000
vn 0.3827 -0.9239 -0.0000
vn -0.3827 -0.9239 -0.0000
vn -0.7071 -0.7071 -0.0000
vn -0.9239 -0.3827 -0.0000
vn -0.9239 0.3827 -0.0000
vn -0.7071 0.7071 -0.0000
vn -0.3827 0.9239 -0.0000
vt 0.062603 0.214885
vt 0.062002 0.228992
vt 0.048896 0.227511
vt 0.049199 0.214972
vt 0.038835 0.224985
vt 0.038243 0.217148
vt 0.034565 0.221938
vt 0.032483 0.221938
vt 0.038835 0.218890
vt 0.038243 0.226727
vt 0.048896 0.216365
vt 0.049199 0.228904
vt 0.062002 0.214885
vt 0.062603 0.228992
vt 0.075407 0.214973
vt 0.075709 0.227512
vt 0.086362 0.217150
vt 0.085771 0.224986
vt 0.092122 0.221939
vt 0.090040 0.221939
vt 0.086362 0.226728
vt 0.085771 0.218891
vt 0.075407 0.228905
vt 0.075709 0.216366
vt 0.176343 0.762939
vt 0.187506 0.751776
vt 0.187506 0.761212
vt 0.182788 0.769384
vt 0.163453 0.750049
vt 0.174616 0.738886
vt 0.182788 0.743604
vt 0.169898 0.756494
vt 0.165180 0.774102
vt 0.174616 0.774102
vt 0.152290 0.761212
vt 0.157008 0.769384
vt 0.157008 0.743604
vt 0.165180 0.738886
vt 0.152290 0.751776
vt 0.081219 0.120880
vt 0.081219 0.135442
vt 0.045955 0.135442
vt 0.045955 0.120880
vt 0.031393 0.135442
vt 0.045955 0.170707
vt 0.031393 0.170707
vt 0.045955 0.185269
vt 0.081219 0.170707
vt 0.081219 0.185269
vt 0.095782 0.170707
vt 0.095782 0.135442
vt 0.854625 0.514142
vt 0.854625 0.478882
vt 0.889885 0.478882
vt 0.889885 0.514142
vt 0.408755 0.144013
vt 0.390048 0.144013
vt 0.390048 0.112906
vt 0.408755 0.098471
vt 0.058535 0.098474
vt 0.067888 0.112908
vt 0.023583 0.112909
vt 0.004876 0.098474
vt 0.281871 0.948879
vt 0.281871 0.967568
vt 0.097057 0.967568
vt 0.097057 0.948879
vt 0.461902 0.389894
vt 0.444346 0.389894
vt 0.442916 0.346203
vt 0.460462 0.344666
vt 0.435906 0.300116
vt 0.453711 0.296606
vt 0.424598 0.256911
vt 0.441993 0.251774
vt 0.407881 0.213422
vt 0.425059 0.208675
vt 0.390049 0.174000
vt 0.408756 0.174000
vt 0.297065 0.112907
vt 0.297065 0.098473
vt 0.148419 0.098474
vt 0.148419 0.112908
vt 0.112193 0.112908
vt 0.112193 0.098474
vt 0.058534 0.004882
vt 0.112193 0.004881
vt 0.297064 0.004879
vt 0.408754 0.004878
vt 0.193366 0.098473
vt 0.193366 0.112908
vt 0.274539 0.098473
vt 0.274539 0.112907
vt 0.238314 0.112908
vt 0.238313 0.098473
vt 0.408760 0.605787
vt 0.408760 0.681317
vt 0.390053 0.666882
vt 0.390053 0.605788
vt 0.112195 0.681317
vt 0.004876 0.681317
vt 0.023583 0.666883
vt 0.110761 0.666883
vt 0.466683 0.948879
vt 0.466683 0.967568
vt 0.460463 0.435121
vt 0.442917 0.433585
vt 0.453713 0.483181
vt 0.435908 0.479672
vt 0.441995 0.528013
vt 0.424601 0.522876
vt 0.425062 0.571112
vt 0.407884 0.566365
vt 0.297070 0.681317
vt 0.299938 0.666883
vt 0.112195 0.774912
vt 0.004876 0.774911
vt 0.408760 0.774910
vt 0.297070 0.774910
vt 0.460051 0.198505
vt 0.437737 0.163010
vt 0.437737 0.146225
vt 0.460051 0.146225
vt 0.274540 0.205057
vt 0.238314 0.205057
vt 0.238314 0.196728
vt 0.274540 0.196728
vt 0.238314 0.188399
vt 0.274540 0.188398
vt 0.238314 0.180069
vt 0.274540 0.180069
vt 0.238314 0.171740
vt 0.274540 0.171739
vt 0.238314 0.157654
vt 0.274540 0.157654
vt 0.818181 0.718535
vt 0.818181 0.696330
vt 0.839525 0.696222
vt 0.839525 0.718535
vt 0.839525 0.674985
vt 0.824433 0.681237
vt 0.831357 0.676610
vt 0.274539 0.127255
vt 0.238314 0.127255
vt 0.420185 0.159818
vt 0.437737 0.184624
vt 0.429554 0.172427
vt 0.416500 0.146225
vt 0.274540 0.227265
vt 0.238314 0.227266
vt 0.437845 0.124879
vt 0.460051 0.124879
vt 0.891802 0.718535
vt 0.856310 0.696222
vt 0.877922 0.696222
vt 0.891802 0.699848
vt 0.274540 0.141944
vt 0.238314 0.141945
vt 0.853118 0.678670
vt 0.865726 0.688038
vt 0.819806 0.688161
vt 0.418124 0.138056
vt 0.422752 0.131131
vt 0.429677 0.126504
vt 0.282989 0.078507
vt 0.260675 0.043013
vt 0.260675 0.026227
vt 0.282989 0.026227
vt 0.148420 0.205058
vt 0.112194 0.205058
vt 0.112194 0.196729
vt 0.148420 0.196728
vt 0.112194 0.188399
vt 0.148420 0.188399
vt 0.112194 0.180070
vt 0.148420 0.180070
vt 0.112194 0.171740
vt 0.148420 0.171740
vt 0.112194 0.157655
vt 0.148420 0.157655
vt 0.727162 0.382880
vt 0.749371 0.382880
vt 0.749479 0.404228
vt 0.727162 0.404228
vt 0.770719 0.404228
vt 0.764466 0.389133
vt 0.769094 0.396058
vt 0.148419 0.127256
vt 0.112193 0.127256
vt 0.243122 0.039821
vt 0.260675 0.064626
vt 0.252490 0.052430
vt 0.239436 0.026227
vt 0.148420 0.227266
vt 0.112194 0.227266
vt 0.260783 0.004881
vt 0.282989 0.004881
vt 0.148419 0.141945
vt 0.112193 0.141945
vt 0.749479 0.421015
vt 0.767033 0.417823
vt 0.727162 0.456513
vt 0.757664 0.430433
vt 0.749479 0.442631
vt 0.757540 0.384505
vt 0.241061 0.018058
vt 0.245689 0.011133
vt 0.252614 0.006506
vt 0.898225 0.109203
vt 0.916907 0.109203
vt 0.916907 0.155777
vt 0.898225 0.155777
vt 0.898225 0.425662
vt 0.916907 0.425662
vt 0.916907 0.472236
vt 0.898225 0.472236
vt 0.916907 0.515488
vt 0.898225 0.515488
vt 0.898225 0.545464
vt 0.916907 0.545464
vt 0.916907 0.576560
vt 0.898225 0.576560
vt 0.898225 0.290720
vt 0.916907 0.290720
vt 0.916907 0.334418
vt 0.898225 0.334418
vt 0.898225 0.065951
vt 0.916907 0.065951
vt 0.898225 0.247021
vt 0.916907 0.247021
vt 0.282350 0.120889
vt 0.301038 0.120889
vt 0.301039 0.213869
vt 0.282350 0.213869
vt 0.301038 0.236394
vt 0.282350 0.236394
vt 0.092023 0.801570
vt 0.092023 0.782887
vt 0.281131 0.782887
vt 0.281131 0.801570
vt 0.898225 0.004879
vt 0.916907 0.004879
vt 0.898225 0.200421
vt 0.916907 0.200421
vt 0.004876 0.574705
vt 0.004876 0.389894
vt 0.023583 0.389894
vt 0.023583 0.574705
vt 0.200932 0.165191
vt 0.219622 0.165191
vt 0.219622 0.209499
vt 0.200932 0.209499
vt 0.916907 0.381018
vt 0.898225 0.381018
vt 0.371214 0.782887
vt 0.371214 0.801570
vt 0.004879 0.967568
vt 0.004879 0.948879
vt 0.004877 0.801570
vt 0.004877 0.782887
vt 0.076341 0.657565
vt 0.076341 0.638876
vt 0.121287 0.638876
vt 0.121287 0.657565
vt 0.558290 0.078510
vt 0.594515 0.078510
vt 0.639462 0.097054
vt 0.545755 0.097054
vt 0.684408 0.078510
vt 0.720633 0.078510
vt 0.767426 0.097054
vt 0.031394 0.657565
vt 0.031394 0.638876
vt 0.684408 0.004879
vt 0.684408 0.057163
vt 0.639462 0.057163
vt 0.639462 0.004879
vt 0.545755 0.281862
vt 0.469680 0.281862
vt 0.469680 0.097054
vt 0.506575 0.948879
vt 0.506575 0.967568
vt 0.004876 0.165193
vt 0.023583 0.165193
vt 0.023583 0.205085
vt 0.004876 0.205085
vt 0.513985 0.057163
vt 0.469680 0.057163
vt 0.469680 0.558845
vt 0.469680 0.466670
vt 0.545755 0.466670
vt 0.556856 0.558845
vt 0.767426 0.466670
vt 0.746027 0.558845
vt 0.836140 0.497752
vt 0.836140 0.558845
vt 0.784359 0.429236
vt 0.853972 0.458330
vt 0.798789 0.391695
vt 0.870688 0.414843
vt 0.808032 0.356379
vt 0.881995 0.371639
vt 0.813775 0.318625
vt 0.889005 0.325552
vt 0.814977 0.281862
vt 0.890434 0.281862
vt 0.813775 0.245100
vt 0.889005 0.238172
vt 0.808032 0.207345
vt 0.881995 0.192086
vt 0.798790 0.172029
vt 0.870688 0.148882
vt 0.784359 0.134488
vt 0.853972 0.105394
vt 0.836140 0.065972
vt 0.594515 0.057163
vt 0.594515 0.004879
vt 0.558860 0.948879
vt 0.558860 0.967568
vt 0.720634 0.004879
vt 0.743159 0.004879
vt 0.753755 0.049894
vt 0.720633 0.057163
vt 0.745852 0.456513
vt 0.264301 0.078507
vt 0.513985 0.004879
vt 0.469680 0.004879
vt 0.441364 0.198505
vt 0.836140 0.004879
vt 0.836140 0.035985
vt 0.205080 0.939774
vt 0.205080 0.902879
vt 0.389888 0.902879
vt 0.389888 0.939774
vt 0.492516 0.856884
vt 0.492516 0.893778
vt 0.443986 0.893778
vt 0.443986 0.856884
vt 0.193129 0.174544
vt 0.156234 0.174544
vt 0.156234 0.120886
vt 0.193129 0.120887
vt 0.120005 0.041778
vt 0.120005 0.004884
vt 0.231690 0.004884
vt 0.231690 0.041778
vt 0.538854 0.856884
vt 0.538854 0.893778
vt 0.681304 0.939774
vt 0.681304 0.902880
vt 0.774896 0.902879
vt 0.774896 0.939774
vt 0.642962 0.104881
vt 0.679856 0.104881
vt 0.679856 0.212195
vt 0.642962 0.212195
vt 0.585159 0.856884
vt 0.585159 0.893778
vt 0.625760 0.419770
vt 0.625760 0.382877
vt 0.719348 0.382877
vt 0.719348 0.419770
vt 0.004880 0.939774
vt 0.004880 0.902879
vt 0.098471 0.902879
vt 0.098471 0.939774
vt 0.653462 0.856884
vt 0.653462 0.893778
vt 0.623475 0.893778
vt 0.623475 0.856884
vt 0.888834 0.566877
vt 0.888834 0.603773
vt 0.795238 0.603773
vt 0.795238 0.566877
vt 0.553557 0.141103
vt 0.590451 0.141103
vt 0.590451 0.186050
vt 0.553557 0.186050
vt 0.119999 0.087773
vt 0.119999 0.050877
vt 0.213595 0.050877
vt 0.213595 0.087773
vt 0.792594 0.856884
vt 0.792594 0.893779
vt 0.699002 0.893779
vt 0.699002 0.856884
vt 0.212313 0.856884
vt 0.212313 0.893779
vt 0.173997 0.893779
vt 0.173997 0.856884
vt 0.736559 0.252881
vt 0.736559 0.289775
vt 0.642971 0.289775
vt 0.642971 0.252881
vt 0.353486 0.856884
vt 0.353486 0.893778
vt 0.304956 0.893779
vt 0.304956 0.856884
vt 0.098470 0.856884
vt 0.098470 0.893779
vt 0.004878 0.893779
vt 0.004878 0.856884
vt 0.398736 0.893778
vt 0.398736 0.856884
vt 0.553557 0.104878
vt 0.590451 0.104878
vt 0.258619 0.893779
vt 0.258619 0.856884
vt 0.553557 0.267221
vt 0.590451 0.267221
vt 0.590451 0.289747
vt 0.553557 0.289747
vt 0.598263 0.104879
vt 0.635158 0.104878
vt 0.635158 0.289747
vt 0.598263 0.289747
vt 0.590451 0.230996
vt 0.553557 0.230996
vt 0.574696 0.939774
vt 0.574696 0.902879
vt 0.614587 0.902879
vt 0.614587 0.939774
vt 0.453455 0.116569
vt 0.416561 0.116569
vt 0.416561 0.004884
vt 0.453455 0.004884
vt 0.320494 0.350435
vt 0.320494 0.313654
vt 0.338699 0.313654
vt 0.338699 0.350435
vt 0.320494 0.506429
vt 0.320494 0.465344
vt 0.338699 0.465344
vt 0.338699 0.506429
vt 0.320494 0.276873
vt 0.338699 0.276873
vt 0.391221 0.198881
vt 0.391221 0.383685
vt 0.373016 0.383685
vt 0.373016 0.198881
vt 0.681474 0.345089
vt 0.553559 0.345089
vt 0.553559 0.326890
vt 0.681474 0.326890
vt 0.320494 0.238685
vt 0.338699 0.238685
vt 0.320494 0.161964
vt 0.320494 0.120879
vt 0.338699 0.120879
vt 0.338699 0.161964
vt 0.320494 0.202182
vt 0.338699 0.202182
vt 0.320494 0.425126
vt 0.338699 0.425126
vt 0.320494 0.388623
vt 0.338699 0.388623
vt 0.391221 0.568488
vt 0.373016 0.568488
vt 0.775227 0.373089
vt 0.553560 0.373089
vt 0.553560 0.354883
vt 0.775227 0.354883
vt 0.775144 0.345089
vt 0.775144 0.326890
vt 0.364900 0.556881
vt 0.364900 0.610483
vt 0.359762 0.610483
vt 0.359762 0.556881
vt 0.354623 0.610483
vt 0.354623 0.556881
vt 0.349485 0.610483
vt 0.349485 0.556881
vt 0.344347 0.610483
vt 0.344347 0.556881
vt 0.339208 0.610483
vt 0.339208 0.556881
vt 0.334070 0.610483
vt 0.334070 0.556881
vt 0.328932 0.610483
vt 0.328932 0.556881
vt 0.323793 0.610483
vt 0.323793 0.556881
vt 0.318655 0.610483
vt 0.318655 0.556881
vt 0.313517 0.610483
vt 0.313516 0.556881
vt 0.308378 0.610483
vt 0.308378 0.556881
vt 0.303240 0.610483
vt 0.303239 0.556881
vt 0.938248 0.281999
vt 0.924728 0.283496
vt 0.924728 0.269768
vt 0.936935 0.270151
vt 0.928024 0.258340
vt 0.935915 0.260937
vt 0.934908 0.251844
vt 0.935477 0.256988
vt 0.943046 0.256676
vt 0.948763 0.267106
vt 0.951768 0.280501
vt 0.938248 0.281999
vt 0.951768 0.294229
vt 0.939560 0.293846
vt 0.948472 0.305657
vt 0.940581 0.303061
vt 0.941588 0.312153
vt 0.941018 0.307010
vt 0.933449 0.307321
vt 0.927732 0.296892
vt 0.963668 0.690134
vt 0.959583 0.705381
vt 0.954865 0.697210
vt 0.954865 0.687775
vt 0.981275 0.694851
vt 0.977189 0.710099
vt 0.967754 0.710099
vt 0.972472 0.692492
vt 0.967754 0.674886
vt 0.959583 0.679604
vt 0.985360 0.679604
vt 0.977189 0.674886
vt 0.990078 0.697210
vt 0.985360 0.705381
vt 0.990078 0.687775
vt 0.258709 0.738309
vt 0.258159 0.735091
vt 0.265750 0.732097
vt 0.267480 0.734858
vt 0.271494 0.726292
vt 0.274159 0.728179
vt 0.274745 0.718807
vt 0.277921 0.719536
vt 0.274702 0.710641
vt 0.277921 0.710091
vt 0.271709 0.703049
vt 0.274469 0.701319
vt 0.265903 0.697305
vt 0.267790 0.694640
vt 0.258418 0.694054
vt 0.259147 0.690879
vt 0.250252 0.694098
vt 0.249701 0.690879
vt 0.242660 0.697091
vt 0.240930 0.694330
vt 0.236916 0.702896
vt 0.234251 0.701010
vt 0.233665 0.710381
vt 0.230490 0.709653
vt 0.233708 0.718548
vt 0.230490 0.719098
vt 0.236702 0.726139
vt 0.233941 0.727869
vt 0.242507 0.731883
vt 0.240620 0.734548
vt 0.254205 0.714594
vt 0.249992 0.735134
vt 0.249263 0.738310
vt 0.603385 0.382881
vt 0.603385 0.397441
vt 0.568125 0.397441
vt 0.568125 0.382881
vt 0.553565 0.397441
vt 0.568125 0.432701
vt 0.553565 0.432701
vt 0.568125 0.447261
vt 0.603385 0.432701
vt 0.603385 0.447261
vt 0.617945 0.432701
vt 0.617945 0.397441
vt 0.879208 0.522879
vt 0.879208 0.558139
vt 0.843948 0.558139
vt 0.843948 0.522879
vt 0.175247 0.719103
vt 0.178465 0.718553
vt 0.181459 0.726144
vt 0.178698 0.727874
vt 0.187263 0.731888
vt 0.185376 0.734552
vt 0.194747 0.735139
vt 0.194018 0.738313
vt 0.202913 0.735095
vt 0.203463 0.738313
vt 0.210504 0.732102
vt 0.212234 0.734862
vt 0.216247 0.726297
vt 0.218912 0.728184
vt 0.219498 0.718813
vt 0.222673 0.719542
vt 0.219454 0.710647
vt 0.222673 0.710097
vt 0.216461 0.703056
vt 0.219222 0.701327
vt 0.210657 0.697313
vt 0.212543 0.694648
vt 0.203172 0.694062
vt 0.203901 0.690888
vt 0.195007 0.694106
vt 0.194457 0.690888
vt 0.187416 0.697099
vt 0.185686 0.694339
vt 0.181673 0.702904
vt 0.179008 0.701017
vt 0.198960 0.714600
vt 0.178422 0.710388
vt 0.175247 0.709659
vt 0.737489 0.178888
vt 0.737489 0.193446
vt 0.702234 0.193446
vt 0.702234 0.178888
vt 0.687675 0.193446
vt 0.702234 0.228701
vt 0.687675 0.228701
vt 0.702234 0.243260
vt 0.737489 0.228701
vt 0.737489 0.243260
vt 0.752047 0.228701
vt 0.752047 0.193446
vt 0.434291 0.390879
vt 0.434291 0.426139
vt 0.399031 0.426139
vt 0.399031 0.390879
vt 0.120005 0.719103
vt 0.123223 0.718553
vt 0.126217 0.726144
vt 0.123456 0.727874
vt 0.132022 0.731888
vt 0.130135 0.734553
vt 0.139506 0.735139
vt 0.138777 0.738314
vt 0.147673 0.735096
vt 0.148222 0.738314
vt 0.155263 0.732102
vt 0.156993 0.734862
vt 0.161007 0.726297
vt 0.163672 0.728184
vt 0.164258 0.718813
vt 0.167433 0.719541
vt 0.164214 0.710647
vt 0.167433 0.710096
vt 0.161221 0.703056
vt 0.163982 0.701325
vt 0.155416 0.697312
vt 0.157303 0.694647
vt 0.147932 0.694060
vt 0.148660 0.690886
vt 0.139766 0.694105
vt 0.139215 0.690886
vt 0.132174 0.697098
vt 0.130445 0.694337
vt 0.126431 0.702903
vt 0.123766 0.701016
vt 0.143719 0.714600
vt 0.123180 0.710387
vt 0.120005 0.709659
vt 0.752059 0.154707
vt 0.737497 0.154707
vt 0.737497 0.119443
vt 0.752060 0.119443
vt 0.737497 0.104881
vt 0.702233 0.119443
vt 0.702233 0.104880
vt 0.687671 0.119443
vt 0.702233 0.154707
vt 0.687671 0.154707
vt 0.702233 0.169269
vt 0.737497 0.169269
vt 0.399028 0.382136
vt 0.399028 0.346877
vt 0.434288 0.346877
vt 0.434288 0.382136
vt 0.899614 0.703103
vt 0.902832 0.702553
vt 0.905825 0.710144
vt 0.903065 0.711873
vt 0.911631 0.715887
vt 0.909743 0.718552
vt 0.919114 0.719138
vt 0.918386 0.722313
vt 0.927280 0.719094
vt 0.927830 0.722313
vt 0.934871 0.716101
vt 0.936601 0.718861
vt 0.940614 0.710296
vt 0.943279 0.712183
vt 0.943865 0.702812
vt 0.947040 0.703541
vt 0.943821 0.694647
vt 0.947040 0.694096
vt 0.940828 0.687056
vt 0.943589 0.685326
vt 0.935023 0.681313
vt 0.936910 0.678648
vt 0.927539 0.678062
vt 0.928268 0.674887
vt 0.919374 0.678105
vt 0.918824 0.674887
vt 0.911783 0.681098
vt 0.910053 0.678338
vt 0.906040 0.686903
vt 0.903375 0.685017
vt 0.923327 0.698600
vt 0.902789 0.694387
vt 0.899614 0.693659
vt 0.193129 0.228201
vt 0.156234 0.228201
vt 0.558290 0.004879
vt 0.558290 0.057163
vt 0.200932 0.120884
vt 0.219622 0.120884
vt 0.004876 0.004882
s 1
f 601/970/101 602/971/101 604/972/102 603/973/102
f 603/973/102 604/972/102 606/974/103 605/975/103
f 605/975/103 606/974/103 608/976/104 607/977/104
f 607/977/104 608/976/104 610/978/105 609/979/105
f 609/979/105 610/978/105 612/980/106 611/981/106
f 611/981/106 612/980/106 614/982/107 613/983/107
f 613/983/107 614/982/107 616/984/108 615/985/108
f 615/985/108 616/984/108 618/986/109 617/987/109
f 617/987/109 618/986/109 620/988/110 619/989/110
f 619/989/110 620/988/110 622/990/111 621/991/111
f 621/991/111 622/990/111 624/992/112 623/993/112
f 623/993/112 624/992/112 602/971/101 601/970/101
f 627/994/113 618/995/113 616/996/113 614/997/113
f 626/998/113 622/999/113 620/1000/113 625/1001/113
f 610/1002/113 627/994/113 614/997/113 612/1003/113
f 606/1004/113 626/998/113 625/1001/113 608/1005/113
f 602/1006/113 624/1007/113 622/999/113 626/998/113
f 604/1008/113 602/1006/113 626/998/113 606/1004/113
f 625/1001/113 620/1000/113 618/995/113 627/994/113
f 608/1005/113 625/1001/113 627/994/113 610/1002/113
s 0
f 628/1009/110 629/1010/110 631/1011/110 630/1012/110
f 630/1013/113 631/1011/113 635/1014/113 634/1015/113
f 634/1016/104 635/1014/104 633/1017/104 632/1018/104
f 632/1019/114 633/1017/114 629/1010/114 628/1020/114
f 630/1021/101 634/1022/101 632/1023/101 628/1024/101
f 635/1014/107 631/1011/107 629/1010/107 633/1017/107
s 1
f 791/1025/107 790/1026/107 637/1027/107 646/1028/107
f 1051/1029/107 1053/1030/107 636/1031/107 645/1032/107
f 750/1033/113 644/1034/113 771/1035/113 765/1036/113
f 651/1037/107 642/1038/107 641/1039/107 650/1040/107
f 650/1040/107 641/1039/107 640/1041/107 649/1042/107
f 649/1042/107 640/1041/107 639/1043/107 648/1044/107
f 648/1044/107 639/1043/107 638/1045/107 647/1046/107
f 647/1046/107 638/1045/107 643/1047/107 652/1048/107
f 646/1028/107 637/1027/107 654/1049/107 655/1050/107
f 663/1051/107 732/1052/115 733/1053/115 657/1054/107
f 1051/1029/107 1052/1055/107 661/1056/107 657/1054/107
f 655/1050/107 660/1057/107 659/1058/107 646/1028/107
f 762/1059/107 761/1060/107 732/1052/115 663/1051/107
f 667/1061/107 704/1062/115 664/1063/115 665/1064/107
f 655/1050/107 654/1049/107 704/1062/115 667/1061/107
f 681/1065/107 676/1066/107 669/1067/107 674/1068/107
f 685/1069/107 675/1070/107 668/1071/107 684/1072/107
f 767/1073/113 769/1074/113 644/1034/113 750/1033/113
f 651/1037/107 680/1075/107 673/1076/107 642/1038/107
f 680/1075/107 679/1077/107 672/1078/107 673/1076/107
f 679/1077/107 678/1079/107 671/1080/107 672/1078/107
f 678/1079/107 677/1081/107 670/1082/107 671/1080/107
f 677/1081/107 681/1065/107 674/1068/107 670/1082/107
f 676/1066/107 683/1083/107 682/1084/107 669/1067/107
f 675/1070/107 685/1069/107 689/1085/107 686/1086/107
f 683/1083/107 676/1066/107 687/1087/107 688/1088/107
f 684/1072/107 682/1084/107 683/1083/107 685/1069/107
f 713/1089/114 715/1090/114 714/1091/114 708/1092/114
f 690/1093/116 691/1094/116 693/1095/117 692/1096/117
f 692/1096/117 693/1095/117 695/1097/118 694/1098/118
f 694/1098/118 695/1097/118 697/1099/119 696/1100/119
f 696/1100/119 697/1099/119 699/1101/120 698/1102/120
f 698/1102/120 699/1101/120 701/1103/121 700/1104/121
f 706/1105/113 690/1106/113 703/1107/113 711/1108/113
f 698/1109/113 703/1107/113 694/1110/113 696/1111/113
f 710/1112/122 709/1113/122 664/1063/115 704/1062/115
f 701/1114/114 715/1090/114 709/1115/114 716/1116/114
f 714/1091/114 715/1090/114 701/1114/114 699/1117/114
f 691/1094/116 690/1093/116 706/1118/110 707/1119/110
f 708/1092/114 714/1091/114 691/1120/114 707/1121/114
f 712/1122/113 702/1123/113 710/1124/113 704/1125/113
f 717/1126/123 716/1127/123 709/1113/122 710/1112/122
f 702/1123/113 703/1107/113 698/1109/113 700/1128/113
f 711/1108/113 703/1107/113 702/1123/113 712/1122/113
f 702/1123/113 700/1128/113 717/1129/113 710/1124/113
f 703/1107/113 690/1106/113 692/1130/113 694/1110/113
f 714/1091/114 699/1117/114 697/1131/114 695/1132/114
f 691/1120/114 714/1091/114 695/1132/114 693/1133/114
f 700/1104/121 701/1103/121 716/1127/123 717/1126/123
f 741/1134/114 743/1135/114 742/1136/114 736/1137/114
f 718/1138/116 719/1139/116 721/1140/117 720/1141/117
f 720/1141/117 721/1140/117 723/1142/118 722/1143/118
f 722/1143/118 723/1142/118 725/1144/119 724/1145/119
f 724/1145/119 725/1144/119 727/1146/120 726/1147/120
f 726/1147/120 727/1146/120 729/1148/121 728/1149/121
f 734/1150/113 718/1151/113 731/1152/113 739/1153/113
f 726/1154/113 731/1152/113 722/1155/113 724/1156/113
f 738/1157/122 737/1158/122 733/1053/115 732/1052/115
f 729/1159/114 743/1135/114 737/1160/114 744/1161/114
f 742/1136/114 743/1135/114 729/1159/114 727/1162/114
f 719/1139/116 718/1138/116 734/1163/110 735/1164/110
f 736/1137/114 742/1136/114 719/1165/114 735/1166/114
f 745/1167/123 744/1168/123 737/1158/122 738/1157/122
f 730/1169/113 731/1152/113 726/1154/113 728/1170/113
f 739/1153/113 731/1152/113 730/1169/113 740/1171/113
f 730/1169/113 728/1170/113 745/1172/113 738/1173/113
f 731/1152/113 718/1151/113 720/1174/113 722/1155/113
f 742/1136/114 727/1162/114 725/1175/114 723/1176/114
f 719/1165/114 742/1136/114 723/1176/114 721/1177/114
f 728/1149/121 729/1148/121 744/1168/123 745/1167/123
f 670/1178/124 754/1179/124 755/1180/125 671/1181/125
f 639/1182/126 656/1183/126 662/1184/127 638/1185/127
f 638/1185/127 662/1184/127 749/1186/128 643/1187/128
f 790/1188/114 792/1189/114 666/1190/114 637/1191/114
f 642/1192/114 748/1193/114 747/1194/129 641/1195/129
f 674/1196/130 758/1197/130 754/1179/124 670/1178/124
f 673/1198/131 757/1199/131 748/1193/114 642/1192/114
f 637/1200/110 666/1201/110 751/1202/110 654/1203/110
f 654/1203/110 751/1202/110 712/1204/110 704/1205/110
f 684/1206/104 760/1207/104 759/1208/104 682/1209/104
f 669/1210/114 753/1211/114 758/1197/130 674/1196/130
f 672/1212/132 756/1213/132 757/1199/131 673/1198/131
f 766/1214/107 653/1215/107 750/1216/107 765/1217/107
f 1053/1218/110 1054/1219/110 705/1220/110 636/1221/110
f 641/1195/129 747/1194/129 746/1222/133 640/1223/133
f 682/1209/104 759/1208/104 753/1224/104 669/1225/104
f 765/1036/113 771/1035/113 752/1226/113 668/1227/113
f 671/1181/125 755/1180/125 756/1213/132 672/1212/132
f 640/1223/133 746/1222/133 656/1183/126 639/1182/126
f 668/1228/104 752/1229/104 760/1207/104 684/1206/104
f 761/1230/110 788/1231/110 740/1232/110 732/1233/110
f 735/1234/107 734/1235/107 763/1236/107 764/1237/107
f 707/1238/107 706/1239/107 778/1240/107 763/1236/107
f 664/1241/110 713/1242/110 788/1231/110 761/1230/110
f 713/1243/107 708/1244/107 789/1245/107 788/1246/107
f 764/1237/107 784/1247/107 644/1248/107 769/1249/107
f 675/1070/107 766/1214/107 765/1217/107 668/1071/107
f 785/1250/113 787/1251/113 769/1074/113 767/1073/113
f 786/1252/107 785/1253/107 767/1254/107 768/1255/107
f 643/1187/128 749/1186/128 792/1189/114 790/1188/114
f 1055/1256/107 764/1237/107 769/1249/107 787/1257/107
f 652/1048/107 643/1047/107 790/1026/107 791/1025/107
f 752/1258/107 771/1259/107 772/1260/107 760/1261/107
f 760/1261/107 772/1260/107 783/1262/107 759/1263/107
f 759/1263/107 783/1262/107 758/1264/107 753/1265/107
f 779/1266/107 754/1267/107 758/1264/107 783/1262/107
f 780/1268/107 755/1269/107 754/1267/107 779/1266/107
f 781/1270/107 756/1271/107 755/1269/107 780/1268/107
f 782/1272/107 757/1273/107 756/1271/107 781/1270/107
f 777/1274/107 748/1275/107 757/1273/107 782/1272/107
f 776/1276/107 747/1277/107 748/1275/107 777/1274/107
f 775/1278/107 746/1279/107 747/1277/107 776/1276/107
f 773/1280/107 656/1281/107 746/1279/107 775/1278/107
f 774/1282/107 662/1283/107 656/1281/107 773/1280/107
f 778/1240/107 749/1284/107 662/1283/107 774/1282/107
f 784/1247/107 772/1260/107 771/1259/107 644/1248/107
f 653/1215/107 768/1255/107 767/1254/107 750/1216/107
f 788/1246/107 789/1245/107 739/1285/107 740/1286/107
f 636/1287/113 705/1288/113 787/1251/113 785/1250/113
f 712/1289/107 751/1290/107 770/1291/107 711/1292/107
f 645/1032/107 636/1031/107 785/1253/107 786/1252/107
f 711/1292/107 770/1291/107 778/1240/107 706/1239/107
f 740/1171/113 730/1169/113 738/1173/113 732/1293/113
f 737/1160/114 743/1135/114 741/1134/114 733/1294/114
f 1054/1295/107 1055/1256/107 787/1257/107 705/1296/107
f 709/1115/114 715/1090/114 713/1089/114 664/1297/114
f 763/1236/107 734/1235/107 739/1285/107 789/1245/107
f 665/1064/107 664/1063/115 761/1060/107 762/1059/107
f 707/1238/107 763/1236/107 789/1245/107 708/1244/107
f 770/1291/107 751/1290/107 666/1298/107 792/1299/107
f 778/1240/107 770/1291/107 792/1299/107 749/1284/107
f 766/1300/114 825/1301/114 801/1302/114 653/1303/114
f 649/1304/134 797/1305/134 798/1306/135 650/1307/135
f 1052/1308/104 1056/1309/104 807/1310/104 661/1311/104
f 687/1312/110 821/1313/110 822/1314/110 688/1315/110
f 648/1316/136 796/1317/136 797/1305/134 649/1304/134
f 645/1318/114 793/1319/114 804/1320/114 658/1321/114
f 689/1322/110 823/1323/110 820/1324/110 686/1325/110
f 647/1326/137 795/1327/137 796/1317/136 648/1316/136
f 661/1328/113 807/1329/113 803/1330/113 657/1331/113
f 686/1332/114 820/1333/114 811/1334/114 675/1335/114
f 791/1336/113 828/1337/113 800/1338/138 652/1339/138
f 655/1340/114 802/1341/114 806/1342/114 660/1343/114
f 663/1344/104 808/1345/104 824/1346/104 762/1347/104
f 685/1348/113 819/1349/113 823/1350/113 689/1351/113
f 659/1352/113 805/1353/113 794/1354/113 646/1355/113
f 677/1356/139 813/1357/139 817/1358/140 681/1359/140
f 688/1360/114 822/1361/114 818/1362/114 683/1363/114
f 680/1364/141 816/1365/141 815/1366/142 679/1367/142
f 676/1368/113 812/1369/113 821/1370/113 687/1371/113
f 650/1307/135 798/1306/135 799/1372/113 651/1373/113
f 657/1374/104 803/1375/104 808/1345/104 663/1344/104
f 675/1335/114 811/1334/114 825/1301/114 766/1300/114
f 679/1367/142 815/1366/142 814/1376/143 678/1377/143
f 667/1378/104 810/1379/104 802/1380/104 655/1381/104
f 678/1377/143 814/1376/143 813/1357/139 677/1356/139
f 683/1382/110 818/1383/110 819/1384/110 685/1385/110
f 681/1359/140 817/1358/140 812/1369/113 676/1368/113
f 762/1347/104 824/1346/104 809/1386/104 665/1387/104
f 768/1388/114 826/1389/114 827/1390/114 786/1391/114
f 646/1355/113 794/1354/113 828/1337/113 791/1336/113
f 653/1303/114 801/1302/114 826/1389/114 768/1388/114
f 651/1373/113 799/1372/113 816/1365/141 680/1364/141
f 665/1387/104 809/1386/104 810/1379/104 667/1378/104
f 786/1391/114 827/1390/114 793/1319/114 645/1318/114
f 652/1339/138 800/1338/138 795/1327/137 647/1326/137
f 660/1392/104 806/1393/104 805/1394/104 659/1395/104
f 776/1396/129 777/1397/114 836/1398/114 835/1399/129
f 778/1400/144 774/1401/127 833/1402/127 837/1403/144
f 777/1397/114 782/1404/131 841/1405/131 836/1398/114
f 772/1406/113 784/1407/113 843/1408/113 831/1409/113
f 763/1410/110 778/1411/110 837/1412/110 829/1413/110
f 782/1404/131 781/1414/132 840/1415/132 841/1405/131
f 779/1416/124 783/1417/145 842/1418/145 838/1419/124
f 781/1414/132 780/1420/125 839/1421/125 840/1415/132
f 774/1401/127 773/1422/126 832/1423/126 833/1402/127
f 780/1420/125 779/1416/124 838/1419/124 839/1421/125
f 773/1422/126 775/1424/133 834/1425/133 832/1423/126
f 784/1407/113 764/1426/113 830/1427/113 843/1408/113
f 783/1428/104 772/1429/104 831/1430/104 842/1431/104
f 764/1432/110 763/1410/110 829/1413/110 830/1433/110
f 775/1424/133 776/1396/129 835/1399/129 834/1425/133
f 844/1434/101 845/1435/101 847/1436/102 846/1437/102
f 846/1437/102 847/1436/102 849/1438/103 848/1439/103
f 848/1439/103 849/1438/103 851/1440/104 850/1441/104
f 850/1441/104 851/1440/104 853/1442/105 852/1443/105
f 852/1443/105 853/1442/105 855/1444/106 854/1445/106
f 854/1445/106 855/1444/106 857/1446/107 856/1447/107
f 856/1447/107 857/1446/107 859/1448/108 858/1449/108
f 858/1449/108 859/1448/108 861/1450/109 860/1451/109
f 860/1451/109 861/1450/109 863/1452/110 862/1453/110
f 862/1453/110 863/1452/110 865/1454/111 864/1455/111
f 864/1455/111 865/1454/111 867/1456/112 866/1457/112
f 866/1457/112 867/1456/112 845/1458/101 844/1459/101
f 868/1460/101 869/1461/101 871/1462/112 870/1463/112
f 870/1463/112 871/1462/112 873/1464/111 872/1465/111
f 872/1465/111 873/1464/111 875/1466/110 874/1467/110
f 874/1467/110 875/1466/110 877/1468/109 876/1465/109
f 876/1465/109 877/1468/109 879/1469/108 878/1463/108
f 878/1463/108 879/1469/108 881/1470/107 880/1471/107
f 880/1471/107 881/1470/107 883/1472/106 882/1473/106
f 882/1473/106 883/1472/106 885/1474/105 884/1475/105
f 884/1475/105 885/1474/105 887/1476/104 886/1477/104
f 886/1477/104 887/1476/104 889/1478/103 888/1475/103
f 888/1475/103 889/1478/103 891/1479/102 890/1473/102
f 890/1473/102 891/1479/102 869/1461/101 868/1460/101
f 894/1480/114 885/1481/114 883/1482/114 881/1483/114
f 893/1484/114 889/1485/114 887/1486/114 892/1487/114
f 877/1488/114 894/1480/114 881/1483/114 879/1489/114
f 873/1490/114 893/1484/114 892/1487/114 875/1491/114
f 869/1492/114 891/1493/114 889/1485/114 893/1484/114
f 871/1494/114 869/1492/114 893/1484/114 873/1490/114
f 892/1487/114 887/1486/114 885/1481/114 894/1480/114
f 875/1491/114 892/1487/114 894/1480/114 877/1488/114
f 895/1495/113 896/1496/113 898/1497/146 897/1498/146
f 897/1498/146 898/1497/146 900/1499/147 899/1500/147
f 899/1500/147 900/1499/147 902/1501/148 901/1502/148
f 901/1502/148 902/1501/148 904/1503/104 903/1504/104
f 903/1504/104 904/1503/104 906/1505/149 905/1506/149
f 905/1506/149 906/1505/149 908/1507/150 907/1508/150
f 907/1508/150 908/1507/150 910/1509/151 909/1510/151
f 909/1510/151 910/1509/151 912/1511/114 911/1512/114
f 911/1512/114 912/1511/114 914/1513/152 913/1514/152
f 913/1514/152 914/1513/152 916/1515/153 915/1516/153
f 915/1516/153 916/1515/153 918/1517/154 917/1518/154
f 917/1518/154 918/1517/154 920/1519/110 919/1520/110
f 919/1520/110 920/1519/110 922/1521/155 921/1522/155
f 921/1522/155 922/1521/155 924/1523/156 923/1524/156
f 927/1525/107 920/1519/107 918/1517/107 916/1515/107
f 923/1524/156 924/1523/156 926/1526/157 925/1527/157
f 925/1527/157 926/1526/157 896/1496/113 895/1495/113
f 927/1525/107 912/1511/107 910/1509/107 908/1507/107
f 927/1525/107 924/1523/107 922/1521/107 920/1519/107
f 900/1499/107 927/1525/107 904/1503/107 902/1501/107
f 912/1511/107 927/1525/107 916/1515/107 914/1513/107
f 904/1503/107 927/1525/107 908/1507/107 906/1505/107
f 898/1497/107 896/1496/107 927/1525/107 900/1499/107
f 896/1496/107 926/1526/107 924/1523/107 927/1525/107
s 0
f 928/1528/110 929/1529/110 931/1530/110 930/1531/110
f 930/1532/113 931/1530/113 935/1533/113 934/1534/113
f 934/1535/104 935/1533/104 933/1536/104 932/1537/104
f 932/1538/114 933/1536/114 929/1529/114 928/1539/114
f 930/1540/101 934/1541/101 932/1542/101 928/1543/101
f 935/1533/107 931/1530/107 929/1529/107 933/1536/107
s 1
f 936/1544/113 937/1545/113 939/1546/146 938/1547/146
f 938/1547/146 939/1546/146 941/1548/147 940/1549/147
f 940/1549/147 941/1548/147 943/1550/148 942/1551/148
f 942/1551/148 943/1550/148 945/1552/104 944/1553/104
f 944/1553/104 945/1552/104 947/1554/149 946/1555/149
f 946/1555/149 947/1554/149 949/1556/150 948/1557/150
f 948/1557/150 949/1556/150 951/1558/151 950/1559/151
f 950/1559/151 951/1558/151 953/1560/114 952/1561/114
f 952/1561/114 953/1560/114 955/1562/152 954/1563/152
f 954/1563/152 955/1562/152 957/1564/153 956/1565/153
f 956/1565/153 957/1564/153 959/1566/154 958/1567/154
f 958/1567/154 959/1566/154 961/1568/110 960/1569/110
f 960/1569/110 961/1568/110 963/1570/155 962/1571/155
f 962/1571/155 963/1570/155 965/1572/156 964/1573/156
f 968/1574/107 961/1568/107 959/1566/107 957/1564/107
f 964/1573/156 965/1572/156 967/1575/157 966/1576/157
f 966/1576/157 967/1575/157 937/1545/113 936/1544/113
f 968/1574/107 953/1560/107 951/1558/107 949/1556/107
f 968/1574/107 965/1572/107 963/1570/107 961/1568/107
f 941/1548/107 968/1574/107 945/1552/107 943/1550/107
f 953/1560/107 968/1574/107 957/1564/107 955/1562/107
f 945/1552/107 968/1574/107 949/1556/107 947/1554/107
f 939/1546/107 937/1545/107 968/1574/107 941/1548/107
f 937/1545/107 967/1575/107 965/1572/107 968/1574/107
s 0
f 969/1577/110 970/1578/110 972/1579/110 971/1580/110
f 971/1581/113 972/1579/113 976/1582/113 975/1583/113
f 975/1584/104 976/1582/104 974/1585/104 973/1586/104
f 973/1587/114 974/1585/114 970/1578/114 969/1588/114
f 971/1589/101 975/1590/101 973/1591/101 969/1592/101
f 976/1582/107 972/1579/107 970/1578/107 974/1585/107
s 1
f 977/1593/113 978/1594/113 980/1595/146 979/1596/146
f 979/1596/146 980/1595/146 982/1597/147 981/1598/147
f 981/1598/147 982/1597/147 984/1599/148 983/1600/148
f 983/1600/148 984/1599/148 986/1601/104 985/1602/104
f 985/1602/104 986/1601/104 988/1603/149 987/1604/149
f 987/1604/149 988/1603/149 990/1605/150 989/1606/150
f 989/1606/150 990/1605/150 992/1607/151 991/1608/151
f 991/1608/151 992/1607/151 994/1609/114 993/1610/114
f 993/1610/114 994/1609/114 996/1611/152 995/1612/152
f 995/1612/152 996/1611/152 998/1613/153 997/1614/153
f 997/1614/153 998/1613/153 1000/1615/154 999/1616/154
f 999/1616/154 1000/1615/154 1002/1617/110 1001/1618/110
f 1001/1618/110 1002/1617/110 1004/1619/155 1003/1620/155
f 1003/1620/155 1004/1619/155 1006/1621/156 1005/1622/156
f 1009/1623/107 1002/1617/107 1000/1615/107 998/1613/107
f 1005/1622/156 1006/1621/156 1008/1624/157 1007/1625/157
f 1007/1625/157 1008/1624/157 978/1594/113 977/1593/113
f 1009/1623/107 994/1609/107 992/1607/107 990/1605/107
f 1009/1623/107 1006/1621/107 1004/1619/107 1002/1617/107
f 982/1597/107 1009/1623/107 986/1601/107 984/1599/107
f 994/1609/107 1009/1623/107 998/1613/107 996/1611/107
f 986/1601/107 1009/1623/107 990/1605/107 988/1603/107
f 980/1595/107 978/1594/107 1009/1623/107 982/1597/107
f 978/1594/107 1008/1624/107 1006/1621/107 1009/1623/107
s 0
f 1010/1626/110 1011/1627/110 1013/1628/110 1012/1629/110
f 1012/1630/113 1013/1628/113 1017/1631/113 1016/1632/113
f 1016/1633/104 1017/1631/104 1015/1634/104 1014/1635/104
f 1014/1636/114 1015/1634/114 1011/1627/114 1010/1637/114
f 1012/1638/101 1016/1639/101 1014/1640/101 1010/1641/101
f 1017/1631/107 1013/1628/107 1011/1627/107 1015/1634/107
s 1
f 1018/1642/113 1019/1643/113 1021/1644/146 1020/1645/146
f 1020/1645/146 1021/1644/146 1023/1646/147 1022/1647/147
f 1022/1647/147 1023/1646/147 1025/1648/148 1024/1649/148
f 1024/1649/148 1025/1648/148 1027/1650/104 1026/1651/104
f 1026/1651/104 1027/1650/104 1029/1652/149 1028/1653/149
f 1028/1653/149 1029/1652/149 1031/1654/150 1030/1655/150
f 1030/1655/150 1031/1654/150 1033/1656/151 1032/1657/151
f 1032/1657/151 1033/1656/151 1035/1658/114 1034/1659/114
f 1034/1659/114 1035/1658/114 1037/1660/152 1036/1661/152
f 1036/1661/152 1037/1660/152 1039/1662/153 1038/1663/153
f 1038/1663/153 1039/1662/153 1041/1664/154 1040/1665/154
f 1040/1665/154 1041/1664/154 1043/1666/110 1042/1667/110
f 1042/1667/110 1043/1666/110 1045/1668/155 1044/1669/155
f 1044/1669/155 1045/1668/155 1047/1670/156 1046/1671/156
f 1050/1672/107 1043/1666/107 1041/1664/107 1039/1662/107
f 1046/1671/156 1047/1670/156 1049/1673/157 1048/1674/157
f 1048/1674/157 1049/1673/157 1019/1643/113 1018/1642/113
f 1050/1672/107 1035/1658/107 1033/1656/107 1031/1654/107
f 1050/1672/107 1047/1670/107 1045/1668/107 1043/1666/107
f 1023/1646/107 1050/1672/107 1027/1650/107 1025/1648/107
f 1035/1658/107 1050/1672/107 1039/1662/107 1037/1660/107
f 1027/1650/107 1050/1672/107 1031/1654/107 1029/1652/107
f 1021/1644/107 1019/1643/107 1050/1672/107 1023/1646/107
f 1019/1643/107 1049/1673/107 1047/1670/107 1050/1672/107
f 658/1675/104 804/1676/104 1056/1309/104 1052/1308/104
f 741/1677/107 736/1678/107 1055/1256/107 1054/1295/107
f 733/1679/110 741/1680/110 1054/1219/110 1053/1218/110
f 645/1032/107 658/1681/107 1052/1055/107 1051/1029/107
f 657/1054/107 733/1053/115 1053/1030/107 1051/1029/107
f 736/1678/107 735/1234/107 764/1237/107 1055/1256/107
o cast_iron_stove_door_handle
v -0.106420 0.190656 0.059289
v -0.107895 0.190656 0.062889
v -0.111492 0.190656 0.064421
v -0.115151 0.190656 0.062951
v -0.116688 0.190656 0.059289
v -0.115151 0.190656 0.055626
v -0.111492 0.190656 0.054156
v -0.107895 0.190656 0.055688
v -0.109823 0.207764 0.059289
v -0.111186 0.207199 0.062889
v -0.114509 0.205823 0.064421
v -0.117890 0.204422 0.062951
v -0.119310 0.203834 0.059289
v -0.117890 0.204422 0.055626
v -0.114509 0.205823 0.054156
v -0.111186 0.207199 0.055688
v -0.119514 0.222267 0.059289
v -0.120557 0.221224 0.062889
v -0.123100 0.218681 0.064421
v -0.125688 0.216093 0.062951
v -0.126775 0.215006 0.059289
v -0.125688 0.216093 0.055626
v -0.123100 0.218681 0.054156
v -0.120557 0.221224 0.055688
v -0.134017 0.231958 0.059289
v -0.134582 0.230595 0.062889
v -0.135958 0.227272 0.064421
v -0.137359 0.223891 0.062951
v -0.137947 0.222471 0.059289
v -0.137359 0.223891 0.055626
v -0.135958 0.227272 0.054156
v -0.134582 0.230595 0.055688
v -0.151125 0.235361 0.059289
v -0.151125 0.233886 0.062889
v -0.151125 0.230289 0.064421
v -0.151125 0.226630 0.062951
v -0.151125 0.225093 0.059289
v -0.151125 0.226630 0.055626
v -0.151125 0.230289 0.054156
v -0.151125 0.233886 0.055688
v -0.168233 0.231958 0.059289
v -0.167668 0.230595 0.062889
v -0.166292 0.227272 0.064421
v -0.164892 0.223891 0.062951
v -0.164303 0.222471 0.059289
v -0.164892 0.223891 0.055626
v -0.166292 0.227272 0.054156
v -0.167668 0.230595 0.055688
v -0.182736 0.222267 0.059289
v -0.181693 0.221224 0.062889
v -0.179150 0.218681 0.064421
v -0.176562 0.216093 0.062951
v -0.175476 0.215006 0.059289
v -0.176562 0.216093 0.055626
v -0.179150 0.218681 0.054156
v -0.181693 0.221224 0.055688
v -0.192427 0.207764 0.059289
v -0.191064 0.207199 0.062889
v -0.187741 0.205823 0.064421
v -0.184360 0.204422 0.062951
v -0.182940 0.203834 0.059289
v -0.184360 0.204422 0.055626
v -0.187741 0.205823 0.054156
v -0.191064 0.207199 0.055688
v -0.195830 0.190656 0.059289
v -0.194355 0.190656 0.062889
v -0.190758 0.190656 0.064421
v -0.187099 0.190656 0.062951
v -0.185562 0.190656 0.059289
v -0.187099 0.190656 0.055626
v -0.190758 0.190656 0.054156
v -0.194355 0.190656 0.055688
v -0.192427 0.173548 0.059289
v -0.191064 0.174113 0.062889
v -0.187741 0.175489 0.064421
v -0.184360 0.176890 0.062951
v -0.182940 0.177478 0.059289
v -0.184360 0.176890 0.055626
v -0.187741 0.175489 0.054156
v -0.191064 0.174113 0.055688
v -0.182736 0.159045 0.059289
v -0.181693 0.160088 0.062889
v -0.179150 0.162631 0.064421
v -0.176562 0.165219 0.062951
v -0.175476 0.166306 0.059289
v -0.176562 0.165219 0.055626
v -0.179150 0.162631 0.054156
v -0.181693 0.160088 0.055688
v -0.168233 0.149354 0.059289
v -0.167668 0.150717 0.062889
v -0.166292 0.154040 0.064421
v -0.164892 0.157421 0.062951
v -0.164303 0.158841 0.059289
v -0.164892 0.157421 0.055626
v -0.166292 0.154040 0.054156
v -0.167668 0.150717 0.055688
v -0.151125 0.145951 0.059289
v -0.151125 0.147426 0.062889
v -0.151125 0.151023 0.064421
v -0.151125 0.154682 0.062951
v -0.151125 0.156219 0.059289
v -0.151125 0.154682 0.055626
v -0.151125 0.151023 0.054156
v -0.151125 0.147426 0.055688
v -0.134017 0.149354 0.059289
v -0.134582 0.150717 0.062889
v -0.135958 0.154040 0.064421
v -0.137359 0.157421 0.062951
v -0.137947 0.158841 0.059289
v -0.137359 0.157421 0.055626
v -0.135958 0.154040 0.054156
v -0.134582 0.150717 0.055688
v -0.119514 0.159045 0.059289
v -0.120557 0.160088 0.062889
v -0.123100 0.162631 0.064421
v -0.125688 0.165219 0.062951
v -0.126775 0.166306 0.059289
v -0.125688 0.165219 0.055626
v -0.123100 0.162631 0.054156
v -0.120557 0.160088 0.055688
v -0.109823 0.173548 0.059289
v -0.111186 0.174113 0.062889
v -0.114509 0.175489 0.064421
v -0.117890 0.176889 0.062951
v -0.119310 0.177478 0.059289
v -0.117890 0.176889 0.055626
v -0.114509 0.175489 0.054156
v -0.111186 0.174113 0.055688
vn 1.0000 -0.0000 -0.0000
vn 0.9239 0.3827 -0.0000
vn 0.6780 0.2808 0.6793
vn 0.7339 -0.0000 0.6793
vn 0.0535 0.0222 0.9983
vn 0.0579 -0.0000 0.9983
vn -0.6242 -0.2585 0.7372
vn -0.6756 -0.0000 0.7372
vn -0.9239 -0.3827 -0.0000
vn -1.0000 -0.0000 -0.0000
vn -0.6242 -0.2585 -0.7372
vn -0.6756 -0.0000 -0.7372
vn 0.0535 0.0222 -0.9983
vn 0.0579 -0.0000 -0.9983
vn 0.6780 0.2808 -0.6793
vn 0.7339 -0.0000 -0.6793
vn 0.7071 0.7071 -0.0000
vn 0.5189 0.5189 0.6793
vn 0.0410 0.0410 0.9983
vn -0.4777 -0.4777 0.7372
vn -0.7071 -0.7071 -0.0000
vn -0.4777 -0.4777 -0.7372
vn 0.0410 0.0410 -0.9983
vn 0.5189 0.5189 -0.6793
vn 0.3827 0.9239 -0.0000
vn 0.2808 0.6780 0.6793
vn 0.0222 0.0535 0.9983
vn -0.2585 -0.6242 0.7372
vn -0.3827 -0.9239 -0.0000
vn -0.2585 -0.6242 -0.7372
vn 0.0222 0.0535 -0.9983
vn 0.2808 0.6780 -0.6793
vn -0.0000 1.0000 -0.0000
vn -0.0000 0.7339 0.6793
vn -0.0000 0.0579 0.9983
vn -0.0000 -0.6756 0.7372
vn -0.0000 -1.0000 -0.0000
vn -0.0000 -0.6756 -0.7372
vn -0.0000 0.0579 -0.9983
vn -0.0000 0.7339 -0.6793
vn -0.3827 0.9239 -0.0000
vn -0.2808 0.6780 0.6793
vn -0.0222 0.0535 0.9983
vn 0.2585 -0.6242 0.7372
vn 0.3827 -0.9239 -0.0000
vn 0.2585 -0.6242 -0.7372
vn -0.0222 0.0535 -0.9983
vn -0.2808 0.6780 -0.6793
vn -0.7071 0.7071 -0.0000
vn -0.5189 0.5189 0.6793
vn -0.0410 0.0410 0.9983
vn 0.4777 -0.4777 0.7372
vn 0.7071 -0.7071 -0.0000
vn 0.4777 -0.4777 -0.7372
vn -0.0410 0.0410 -0.9983
vn -0.5189 0.5189 -0.6793
vn -0.9239 0.3827 -0.0000
vn -0.6780 0.2808 0.6793
vn -0.0535 0.0222 0.9983
vn 0.6242 -0.2585 0.7372
vn 0.9239 -0.3827 -0.0000
vn 0.6242 -0.2585 -0.7372
vn -0.0535 0.0222 -0.9983
vn -0.6780 0.2808 -0.6793
vn -0.7339 -0.0000 0.6793
vn -0.0579 -0.0000 0.9983
vn 0.6756 -0.0000 0.7372
vn 0.6756 -0.0000 -0.7372
vn -0.0579 -0.0000 -0.9983
vn -0.7339 -0.0000 -0.6793
vn -0.6780 -0.2808 0.6793
vn -0.0535 -0.0222 0.9983
vn 0.6242 0.2585 0.7372
vn 0.6242 0.2585 -0.7372
vn -0.0535 -0.0222 -0.9983
vn -0.6780 -0.2808 -0.6793
vn -0.5189 -0.5189 0.6793
vn -0.0410 -0.0410 0.9983
vn 0.4777 0.4777 0.7372
vn 0.4777 0.4777 -0.7372
vn -0.0410 -0.0410 -0.9983
vn -0.5189 -0.5189 -0.6793
vn -0.2808 -0.6780 0.6793
vn -0.0222 -0.0535 0.9983
vn 0.2585 0.6242 0.7372
vn 0.2585 0.6242 -0.7372
vn -0.0222 -0.0535 -0.9983
vn -0.2808 -0.6780 -0.6793
vn -0.0000 -0.7339 0.6793
vn -0.0000 -0.0579 0.9983
vn -0.0000 0.6756 0.7372
vn -0.0000 0.6756 -0.7372
vn -0.0000 -0.0579 -0.9983
vn -0.0000 -0.7339 -0.6793
vn 0.2808 -0.6780 0.6793
vn 0.0222 -0.0535 0.9983
vn -0.2585 0.6242 0.7372
vn -0.2585 0.6242 -0.7372
vn 0.0222 -0.0535 -0.9983
vn 0.2808 -0.6780 -0.6793
vn 0.5189 -0.5189 0.6793
vn 0.0410 -0.0410 0.9983
vn -0.4777 0.4777 0.7372
vn -0.4777 0.4777 -0.7372
vn 0.0410 -0.0410 -0.9983
vn 0.5189 -0.5189 -0.6793
vn 0.6780 -0.2808 0.6793
vn 0.0535 -0.0222 0.9983
vn -0.6242 0.2585 0.7372
vn -0.6242 0.2585 -0.7372
vn 0.0535 -0.0222 -0.9983
vn 0.6780 -0.2808 -0.6793
vt 0.941796 0.183588
vt 0.941796 0.198585
vt 0.938058 0.198585
vt 0.938058 0.183588
vt 0.934301 0.198585
vt 0.934301 0.183588
vt 0.930512 0.198585
vt 0.930512 0.183588
vt 0.926696 0.198585
vt 0.926696 0.183588
vt 0.956896 0.183588
vt 0.956896 0.198585
vt 0.953080 0.198585
vt 0.953080 0.183588
vt 0.949291 0.198585
vt 0.949291 0.183588
vt 0.945535 0.198585
vt 0.945535 0.183588
vt 0.941796 0.213432
vt 0.938058 0.213432
vt 0.934301 0.213432
vt 0.930512 0.213432
vt 0.926696 0.213432
vt 0.956896 0.213432
vt 0.953080 0.213432
vt 0.949291 0.213432
vt 0.945535 0.213432
vt 0.941796 0.228279
vt 0.938058 0.228279
vt 0.934301 0.228279
vt 0.930512 0.228279
vt 0.926696 0.228279
vt 0.956896 0.228279
vt 0.953080 0.228279
vt 0.949291 0.228279
vt 0.945535 0.228279
vt 0.941796 0.243127
vt 0.938058 0.243127
vt 0.934301 0.243127
vt 0.930512 0.243127
vt 0.926696 0.243127
vt 0.956896 0.243127
vt 0.953080 0.243127
vt 0.949291 0.243127
vt 0.945535 0.243127
vt 0.941796 0.006182
vt 0.941796 0.021029
vt 0.938058 0.021029
vt 0.938058 0.006182
vt 0.934301 0.021029
vt 0.934301 0.006182
vt 0.930512 0.021029
vt 0.930512 0.006182
vt 0.926696 0.021029
vt 0.926696 0.006182
vt 0.956896 0.006182
vt 0.956896 0.021029
vt 0.953080 0.021029
vt 0.953080 0.006182
vt 0.949291 0.021029
vt 0.949291 0.006182
vt 0.945535 0.021029
vt 0.945535 0.006182
vt 0.941796 0.035877
vt 0.938058 0.035877
vt 0.934301 0.035877
vt 0.930512 0.035877
vt 0.926696 0.035877
vt 0.956896 0.035877
vt 0.953080 0.035877
vt 0.949291 0.035877
vt 0.945535 0.035877
vt 0.941796 0.050724
vt 0.938058 0.050724
vt 0.934301 0.050724
vt 0.930512 0.050724
vt 0.926696 0.050724
vt 0.956896 0.050724
vt 0.953080 0.050724
vt 0.949291 0.050724
vt 0.945535 0.050724
vt 0.941796 0.065571
vt 0.938058 0.065571
vt 0.934301 0.065571
vt 0.930512 0.065571
vt 0.926696 0.065571
vt 0.956896 0.065571
vt 0.953080 0.065571
vt 0.949291 0.065571
vt 0.945535 0.065571
vt 0.941796 0.080419
vt 0.938058 0.080419
vt 0.934301 0.080419
vt 0.930512 0.080419
vt 0.926696 0.080419
vt 0.956896 0.080419
vt 0.953080 0.080419
vt 0.949291 0.080419
vt 0.945535 0.080419
vt 0.941796 0.095266
vt 0.938058 0.095266
vt 0.934301 0.095266
vt 0.930512 0.095266
vt 0.926696 0.095266
vt 0.956896 0.095266
vt 0.953080 0.095266
vt 0.949291 0.095266
vt 0.945535 0.095266
vt 0.941796 0.110113
vt 0.938058 0.110113
vt 0.934301 0.110113
vt 0.930512 0.110113
vt 0.926696 0.110113
vt 0.956896 0.110113
vt 0.953080 0.110113
vt 0.949291 0.110113
vt 0.945535 0.110113
vt 0.941796 0.124808
vt 0.938058 0.124808
vt 0.934301 0.124808
vt 0.930512 0.124808
vt 0.926696 0.124808
vt 0.956896 0.124808
vt 0.953080 0.124808
vt 0.949291 0.124808
vt 0.945535 0.124808
vt 0.941796 0.139503
vt 0.938058 0.139503
vt 0.934301 0.139503
vt 0.930512 0.139503
vt 0.926696 0.139503
vt 0.956896 0.139503
vt 0.953080 0.139503
vt 0.949291 0.139503
vt 0.945535 0.139503
vt 0.941796 0.154198
vt 0.938058 0.154198
vt 0.934301 0.154198
vt 0.930512 0.154198
vt 0.926696 0.154198
vt 0.956896 0.154198
vt 0.953080 0.154198
vt 0.949291 0.154198
vt 0.945535 0.154198
vt 0.941796 0.168893
vt 0.938058 0.168893
vt 0.934301 0.168893
vt 0.930512 0.168893
vt 0.926696 0.168893
vt 0.956896 0.168893
vt 0.953080 0.168893
vt 0.949291 0.168893
vt 0.945535 0.168893
s 1
f 1057/1682/158 1065/1683/159 1066/1684/160 1058/1685/161
f 1058/1685/161 1066/1684/160 1067/1686/162 1059/1687/163
f 1059/1687/163 1067/1686/162 1068/1688/164 1060/1689/165
f 1060/1689/165 1068/1688/164 1069/1690/166 1061/1691/167
f 1061/1692/167 1069/1693/166 1070/1694/168 1062/1695/169
f 1062/1695/169 1070/1694/168 1071/1696/170 1063/1697/171
f 1063/1697/171 1071/1696/170 1072/1698/172 1064/1699/173
f 1064/1699/173 1072/1698/172 1065/1683/159 1057/1682/158
f 1065/1683/159 1073/1700/174 1074/1701/175 1066/1684/160
f 1066/1684/160 1074/1701/175 1075/1702/176 1067/1686/162
f 1067/1686/162 1075/1702/176 1076/1703/177 1068/1688/164
f 1068/1688/164 1076/1703/177 1077/1704/178 1069/1690/166
f 1069/1693/166 1077/1705/178 1078/1706/179 1070/1694/168
f 1070/1694/168 1078/1706/179 1079/1707/180 1071/1696/170
f 1071/1696/170 1079/1707/180 1080/1708/181 1072/1698/172
f 1072/1698/172 1080/1708/181 1073/1700/174 1065/1683/159
f 1073/1700/174 1081/1709/182 1082/1710/183 1074/1701/175
f 1074/1701/175 1082/1710/183 1083/1711/184 1075/1702/176
f 1075/1702/176 1083/1711/184 1084/1712/185 1076/1703/177
f 1076/1703/177 1084/1712/185 1085/1713/186 1077/1704/178
f 1077/1705/178 1085/1714/186 1086/1715/187 1078/1706/179
f 1078/1706/179 1086/1715/187 1087/1716/188 1079/1707/180
f 1079/1707/180 1087/1716/188 1088/1717/189 1080/1708/181
f 1080/1708/181 1088/1717/189 1081/1709/182 1073/1700/174
f 1081/1709/182 1089/1718/190 1090/1719/191 1082/1710/183
f 1082/1710/183 1090/1719/191 1091/1720/192 1083/1711/184
f 1083/1711/184 1091/1720/192 1092/1721/193 1084/1712/185
f 1084/1712/185 1092/1721/193 1093/1722/194 1085/1713/186
f 1085/1714/186 1093/1723/194 1094/1724/195 1086/1715/187
f 1086/1715/187 1094/1724/195 1095/1725/196 1087/1716/188
f 1087/1716/188 1095/1725/196 1096/1726/197 1088/1717/189
f 1088/1717/189 1096/1726/197 1089/1718/190 1081/1709/182
f 1089/1727/190 1097/1728/198 1098/1729/199 1090/1730/191
f 1090/1730/191 1098/1729/199 1099/1731/200 1091/1732/192
f 1091/1732/192 1099/1731/200 1100/1733/201 1092/1734/193
f 1092/1734/193 1100/1733/201 1101/1735/202 1093/1736/194
f 1093/1737/194 1101/1738/202 1102/1739/203 1094/1740/195
f 1094/1740/195 1102/1739/203 1103/1741/204 1095/1742/196
f 1095/1742/196 1103/1741/204 1104/1743/205 1096/1744/197
f 1096/1744/197 1104/1743/205 1097/1728/198 1089/1727/190
f 1097/1728/198 1105/1745/206 1106/1746/207 1098/1729/199
f 1098/1729/199 1106/1746/207 1107/1747/208 1099/1731/200
f 1099/1731/200 1107/1747/208 1108/1748/209 1100/1733/201
f 1100/1733/201 1108/1748/209 1109/1749/210 1101/1735/202
f 1101/1738/202 1109/1750/210 1110/1751/211 1102/1739/203
f 1102/1739/203 1110/1751/211 1111/1752/212 1103/1741/204
f 1103/1741/204 1111/1752/212 1112/1753/213 1104/1743/205
f 1104/1743/205 1112/1753/213 1105/1745/206 1097/1728/198
f 1105/1745/206 1113/1754/214 1114/1755/215 1106/1746/207
f 1106/1746/207 1114/1755/215 1115/1756/216 1107/1747/208
f 1107/1747/208 1115/1756/216 1116/1757/217 1108/1748/209
f 1108/1748/209 1116/1757/217 1117/1758/218 1109/1749/210
f 1109/1750/210 1117/1759/218 1118/1760/219 1110/1751/211
f 1110/1751/211 1118/1760/219 1119/1761/220 1111/1752/212
f 1111/1752/212 1119/1761/220 1120/1762/221 1112/1753/213
f 1112/1753/213 1120/1762/221 1113/1754/214 1105/1745/206
f 1113/1754/214 1121/1763/167 1122/1764/222 1114/1755/215
f 1114/1755/215 1122/1764/222 1123/1765/223 1115/1756/216
f 1115/1756/216 1123/1765/223 1124/1766/224 1116/1757/217
f 1116/1757/217 1124/1766/224 1125/1767/158 1117/1758/218
f 1117/1759/218 1125/1768/158 1126/1769/225 1118/1760/219
f 1118/1760/219 1126/1769/225 1127/1770/226 1119/1761/220
f 1119/1761/220 1127/1770/226 1128/1771/227 1120/1762/221
f 1120/1762/221 1128/1771/227 1121/1763/167 1113/1754/214
f 1121/1763/167 1129/1772/166 1130/1773/228 1122/1764/222
f 1122/1764/222 1130/1773/228 1131/1774/229 1123/1765/223
f 1123/1765/223 1131/1774/229 1132/1775/230 1124/1766/224
f 1124/1766/224 1132/1775/230 1133/1776/159 1125/1767/158
f 1125/1768/158 1133/1777/159 1134/1778/231 1126/1769/225
f 1126/1769/225 1134/1778/231 1135/1779/232 1127/1770/226
f 1127/1770/226 1135/1779/232 1136/1780/233 1128/1771/227
f 1128/1771/227 1136/1780/233 1129/1772/166 1121/1763/167
f 1129/1772/166 1137/1781/178 1138/1782/234 1130/1773/228
f 1130/1773/228 1138/1782/234 1139/1783/235 1131/1774/229
f 1131/1774/229 1139/1783/235 1140/1784/236 1132/1775/230
f 1132/1775/230 1140/1784/236 1141/1785/174 1133/1776/159
f 1133/1777/159 1141/1786/174 1142/1787/237 1134/1778/231
f 1134/1778/231 1142/1787/237 1143/1788/238 1135/1779/232
f 1135/1779/232 1143/1788/238 1144/1789/239 1136/1780/233
f 1136/1780/233 1144/1789/239 1137/1781/178 1129/1772/166
f 1137/1781/178 1145/1790/186 1146/1791/240 1138/1782/234
f 1138/1782/234 1146/1791/240 1147/1792/241 1139/1783/235
f 1139/1783/235 1147/1792/241 1148/1793/242 1140/1784/236
f 1140/1784/236 1148/1793/242 1149/1794/182 1141/1785/174
f 1141/1786/174 1149/1795/182 1150/1796/243 1142/1787/237
f 1142/1787/237 1150/1796/243 1151/1797/244 1143/1788/238
f 1143/1788/238 1151/1797/244 1152/1798/245 1144/1789/239
f 1144/1789/239 1152/1798/245 1145/1790/186 1137/1781/178
f 1145/1790/186 1153/1799/194 1154/1800/246 1146/1791/240
f 1146/1791/240 1154/1800/246 1155/1801/247 1147/1792/241
f 1147/1792/241 1155/1801/247 1156/1802/248 1148/1793/242
f 1148/1793/242 1156/1802/248 1157/1803/190 1149/1794/182
f 1149/1795/182 1157/1804/190 1158/1805/249 1150/1796/243
f 1150/1796/243 1158/1805/249 1159/1806/250 1151/1797/244
f 1151/1797/244 1159/1806/250 1160/1807/251 1152/1798/245
f 1152/1798/245 1160/1807/251 1153/1799/194 1145/1790/186
f 1153/1799/194 1161/1808/202 1162/1809/252 1154/1800/246
f 1154/1800/246 1162/1809/252 1163/1810/253 1155/1801/247
f 1155/1801/247 1163/1810/253 1164/1811/254 1156/1802/248
f 1156/1802/248 1164/1811/254 1165/1812/198 1157/1803/190
f 1157/1804/190 1165/1813/198 1166/1814/255 1158/1805/249
f 1158/1805/249 1166/1814/255 1167/1815/256 1159/1806/250
f 1159/1806/250 1167/1815/256 1168/1816/257 1160/1807/251
f 1160/1807/251 1168/1816/257 1161/1808/202 1153/1799/194
f 1161/1808/202 1169/1817/210 1170/1818/258 1162/1809/252
f 1162/1809/252 1170/1818/258 1171/1819/259 1163/1810/253
f 1163/1810/253 1171/1819/259 1172/1820/260 1164/1811/254
f 1164/1811/254 1172/1820/260 1173/1821/206 1165/1812/198
f 1165/1813/198 1173/1822/206 1174/1823/261 1166/1814/255
f 1166/1814/255 1174/1823/261 1175/1824/262 1167/1815/256
f 1167/1815/256 1175/1824/262 1176/1825/263 1168/1816/257
f 1168/1816/257 1176/1825/263 1169/1817/210 1161/1808/202
f 1169/1817/210 1177/1826/218 1178/1827/264 1170/1818/258
f 1170/1818/258 1178/1827/264 1179/1828/265 1171/1819/259
f 1171/1819/259 1179/1828/265 1180/1829/266 1172/1820/260
f 1172/1820/260 1180/1829/266 1181/1830/214 1173/1821/206
f 1173/1822/206 1181/1831/214 1182/1832/267 1174/1823/261
f 1174/1823/261 1182/1832/267 1183/1833/268 1175/1824/262
f 1175/1824/262 1183/1833/268 1184/1834/269 1176/1825/263
f 1176/1825/263 1184/1834/269 1177/1826/218 1169/1817/210
f 1177/1826/218 1057/1682/158 1058/1685/161 1178/1827/264
f 1178/1827/264 1058/1685/161 1059/1687/163 1179/1828/265
f 1179/1828/265 1059/1687/163 1060/1689/165 1180/1829/266
f 1180/1829/266 1060/1689/165 1061/1691/167 1181/1830/214
f 1181/1831/214 1061/1692/167 1062/1695/169 1182/1832/267
f 1182/1832/267 1062/1695/169 1063/1697/171 1183/1833/268
f 1183/1833/268 1063/1697/171 1064/1699/173 1184/1834/269
f 1184/1834/269 1064/1699/173 1057/1682/158 1177/1826/218
